timestamp,ticker,symbol,direction,price,quantity,balance_change,notional,fee,reason
2025-11-23 16:00:00,GEV,RGEVUSDT,BUY,571.3155149999999,3.4971954122443156,-2000.0000000000002,1998.0019980019981,1.998001998001998,bitget RGEVUSDT price 1078.04; 20d return 13.0%; category leadership 100/100.
2025-11-23 16:00:00,INTC,RINTCUSDT,BUY,35.7928875,55.82120185196006,-2000.0000000000002,1998.0019980019981,1.998001998001998,bitget RINTCUSDT price 138.54; 20d return 25.5%; category leadership 100/100.
2025-11-23 16:00:00,CARR,RCARRUSDT,BUY,52.5412575,38.027296891438084,-2000.0000000000002,1998.0019980019981,1.998001998001998,bitget RCARRUSDT price 74.25; 20d return 16.7%; category leadership 100/100.
2025-11-23 16:00:00,APH,RAPHUSDT,BUY,136.258095,14.663363655583165,-2000.0000000000002,1998.0019980019981,1.998001998001998,bitget RAPHUSDT price 165.42; 20d return 13.4%; category leadership 100/100.
2025-11-23 16:00:00,LRCX,RLRCXUSDT,BUY,150.17505,13.304486983703338,-2000.0,1998.001998001998,1.9980019980019978,bitget RLRCXUSDT price 400.00; 20d return 26.6%; category leadership 100/100.
2025-11-24 16:00:00,GEV,RGEVUSDT,SELL,562.5186,3.4971954122443156,1965.2702297548733,1967.2374672220953,1.9672374672220954,rebalance
2025-11-24 16:00:00,APH,RAPHUSDT,SELL,135.61216000000002,14.663363655583165,1986.5418877809302,1988.5304181991294,1.9885304181991295,rebalance
2025-11-24 16:00:00,LRCX,RLRCXUSDT,SELL,146.86653,13.304486983703338,1952.0298528899493,1953.983836726676,1.953983836726676,rebalance
2025-11-24 16:00:00,PLUG,RPLUGUSDT,BUY,1.9059525,1039.0284642469128,-1982.3192379015668,1980.3388990025642,1.9803388990025643,bitget RPLUGUSDT price 2.61; 20d return -32.6%; category leadership 100/100.
2025-11-24 16:00:00,NOW,RNOWUSDT,BUY,164.592255,12.031786665797636,-1982.3192379015668,1980.3388990025642,1.9803388990025643,bitget RNOWUSDT price 92.93; 20d return -31.7%; category leadership 100/100.
2025-11-24 16:00:00,EXC,REXCUSDT,BUY,46.033004999999996,42.08428774950114,-1939.2034946226188,1937.2662283942245,1.9372662283942246,bitget REXCUSDT price 46.47; 20d return 3.9%; category leadership 100/100.
2025-11-25 16:00:00,PLUG,RPLUGUSDT,SELL,1.9440275000000002,1039.0284642469128,2017.8800078709867,2019.8999077787655,2.0198999077787656,rebalance
2025-11-25 16:00:00,NOW,RNOWUSDT,SELL,160.63564200000002,12.031786665797636,1930.8010416919756,1932.733775467443,1.932733775467443,rebalance
2025-11-25 16:00:00,NOK,RNOKUSDT,BUY,6.088042499999999,329.0346085125265,-2005.179857275718,2003.176680595123,2.0031766805951228,bitget RNOKUSDT price 14.05; 20d return -13.3%; category leadership 100/100.
2025-11-25 16:00:00,LRCX,RLRCXUSDT,BUY,154.64728499999998,12.554760548525568,-1943.5011922872443,1941.5596326545897,1.9415596326545896,bitget RLRCXUSDT price 400.00; 20d return 26.6%; category leadership 100/100.
2025-11-26 16:00:00,CARR,RCARRUSDT,SELL,54.3871928,38.027296891438084,2066.1297297697865,2068.197927697484,2.068197927697484,rebalance
2025-11-26 16:00:00,EXC,REXCUSDT,SELL,46.666655,42.08428774950114,1961.9690043893693,1963.932937326696,1.963932937326696,rebalance
2025-11-26 16:00:00,NOK,RNOKUSDT,SELL,6.1069450000000005,329.0346085125265,2007.386861025249,2009.3962572825315,2.0093962572825315,rebalance
2025-11-26 16:00:00,SNDK,RSNDKUSDT,BUY,215.22385814999998,9.332434140839371,-2010.5710442039522,2008.56248172223,2.00856248172223,bitget RSNDKUSDT price 2145.42; 20d return 18.9%; category leadership 100/100.
2025-11-26 16:00:00,MARA,RMARAUSDT,BUY,11.2958451,177.81427276496825,-2010.5710442039522,2008.56248172223,2.00856248172223,bitget RMARAUSDT price 14.27; 20d return -3.9%; category leadership 100/100.
2025-11-26 16:00:00,PLTR,RPLTRUSDT,BUY,166.333125,12.0755410668935,-2010.5710442039522,2008.56248172223,2.00856248172223,bitget RPLTRUSDT price 113.32; 20d return -29.4%; category leadership 100/100.
2025-11-28 16:00:00,LRCX,RLRCXUSDT,SELL,155.42225000000002,12.554760548525568,1949.337843530415,1951.2891326630781,1.9512891326630781,rebalance
2025-11-28 16:00:00,SNDK,RSNDKUSDT,SELL,222.87850500000002,9.332434140839371,2077.9189703519173,2079.9989693212387,2.0799989693212386,rebalance
2025-11-28 16:00:00,GEV,RGEVUSDT,BUY,600.069885,3.4825121273919684,-2091.840402446999,2089.750651795204,2.089750651795204,bitget RGEVUSDT price 1078.04; 20d return 13.0%; category leadership 100/100.
2025-11-28 16:00:00,SMR,RSMRUSDT,BUY,20.13006,96.23675351119152,-1939.1888740078814,1937.251622385496,1.9372516223854959,bitget RSMRUSDT price 10.47; 20d return -20.5%; category leadership 100/100.
2025-11-30 16:00:00,SMR,RSMRUSDT,SELL,18.3858025,96.23675351119152,1767.620553354651,1769.389943297949,1.769389943297949,stop loss
2025-11-30 16:00:00,MARA,RMARAUSDT,SELL,10.89455,177.81427276496825,1935.2692788662332,1937.206485351585,1.937206485351585,rebalance
2025-11-30 16:00:00,ARM,RARMUSDT,BUY,134.3421375,14.871197298463278,-1999.8262606920423,1997.8284322597824,1.9978284322597823,bitget RARMUSDT price 380.48; 20d return -8.6%; category leadership 100/100.
2025-11-30 16:00:00,LRCX,RLRCXUSDT,BUY,155.387655,10.949146567142176,-1703.0635715288422,1701.3622093195227,1.7013622093195226,bitget RLRCXUSDT price 400.00; 20d return 26.6%; category leadership 100/100.
2025-12-01 16:00:00,GEV,RGEVUSDT,SELL,597.351175,3.4825121273919684,2078.2024285380926,2080.282711249342,2.080282711249342,rebalance
2025-12-01 16:00:00,LRCX,RLRCXUSDT,SELL,157.48122,10.949146567142176,1722.5606743930093,1724.2849593523617,1.7242849593523617,rebalance
2025-12-01 16:00:00,PLUG,RPLUGUSDT,BUY,2.0260124999999998,1021.1984319440226,-2071.029748887088,2068.960788098989,2.068960788098989,bitget RPLUGUSDT price 2.61; 20d return -32.6%; category leadership 100/100.
2025-12-01 16:00:00,MARA,RMARAUSDT,BUY,11.990992499999999,144.10861725543725,-1729.7333540440136,1728.0053486953184,1.7280053486953184,bitget RMARAUSDT price 14.27; 20d return -3.9%; category leadership 100/100.
2025-12-03 16:00:00,ARM,RARMUSDT,SELL,140.159885,14.871197298463278,2082.260957861759,2084.3453031649237,2.0843453031649237,rebalance
2025-12-03 16:00:00,MARA,RMARAUSDT,SELL,12.43378,144.10861725543725,1790.0230282152525,1791.8148430583108,1.7918148430583107,rebalance
2025-12-03 16:00:00,GEV,RGEVUSDT,BUY,630.4850849999999,3.3577873014511437,-2119.151846979512,2117.0348121673446,2.117034812167345,bitget RGEVUSDT price 1078.04; 20d return 13.0%; category leadership 100/100.
2025-12-03 16:00:00,SMR,RSMRUSDT,BUY,22.011,79.56843207210761,-1753.1321390974997,1751.3807583391606,1.7513807583391607,bitget RSMRUSDT price 10.47; 20d return -20.5%; category leadership 100/100.
2025-12-04 16:00:00,INTC,RINTCUSDT,SELL,41.9040375,55.82120185196006,2336.7946019639044,2339.133735699604,2.3391337356996043,rebalance
2025-12-04 16:00:00,NOW,RNOWUSDT,BUY,171.795855,12.437712856891451,-2138.884262008654,2136.7475144941595,2.1367475144941595,bitget RNOWUSDT price 92.93; 20d return -31.7%; category leadership 100/100.
2025-12-05 16:00:00,NOW,RNOWUSDT,SELL,171.53419000000002,12.437712856891451,2131.359507359102,2133.4930003594613,2.1334930003594614,rebalance
2025-12-05 16:00:00,MARA,RMARAUSDT,BUY,11.755875,180.03934865737125,-2118.6365979753714,2116.520077897474,2.116520077897474,bitget RMARAUSDT price 14.27; 20d return -3.9%; category leadership 100/100.
2025-12-07 16:00:00,GEV,RGEVUSDT,SELL,609.6300325,3.3577873014511437,2044.9609737300364,2047.007981711748,2.047007981711748,rebalance
2025-12-07 16:00:00,MARA,RMARAUSDT,SELL,11.744125,180.03934865737125,2112.2902109351994,2114.4046155507503,2.1144046155507503,rebalance
2025-12-07 16:00:00,SNDK,RSNDKUSDT,BUY,217.33861499999998,9.59110711089188,-2086.6024537336903,2084.5179357978923,2.0845179357978925,bitget RSNDKUSDT price 2145.42; 20d return 18.9%; category leadership 100/100.
2025-12-07 16:00:00,SMCI,RSMCIUSDT,BUY,34.987485,59.578959042008655,-2086.6024537336903,2084.5179357978923,2.0845179357978925,bitget RSMCIUSDT price 33.66; 20d return -28.4%; category leadership 100/100.
2025-12-08 16:00:00,PLTR,RPLTRUSDT,SELL,182.00895,12.0755410668935,2195.6586937168986,2197.856550267166,2.197856550267166,rebalance
2025-12-08 16:00:00,GEV,RGEVUSDT,BUY,630.15492,3.354820752523677,-2116.170859723818,2114.056802920897,2.114056802920897,bitget RGEVUSDT price 1078.04; 20d return 13.0%; category leadership 100/100.
2025-12-09 16:00:00,SMR,RSMRUSDT,SELL,19.990000000000002,79.56843207210761,1588.98238416431,1590.5729571214313,1.5905729571214313,stop loss
2025-12-09 16:00:00,PLUG,RPLUGUSDT,SELL,2.1989,1021.1984319440226,2243.26771876971,2245.5132320017115,2.2455132320017115,rebalance
2025-12-09 16:00:00,SMCI,RSMCIUSDT,SELL,34.3828,59.578959042008655,2046.442941516626,2048.4914329495755,2.0484914329495756,rebalance
2025-12-09 16:00:00,NOW,RNOWUSDT,BUY,171.25158299999998,12.334555797983652,-2114.424518212535,2112.3122060065284,2.1123122060065285,bitget RNOWUSDT price 92.93; 20d return -31.7%; category leadership 100/100.
2025-12-09 16:00:00,PLTR,RPLTRUSDT,BUY,184.402155,11.4549214785832,-2114.424518212535,2112.3122060065284,2.1123122060065285,bitget RPLTRUSDT price 113.32; 20d return -29.4%; category leadership 100/100.
2025-12-09 16:00:00,LRCX,RLRCXUSDT,BUY,163.20156,11.777395260659368,-1924.0113685554918,1922.0892792762156,1.9220892792762156,bitget RLRCXUSDT price 400.00; 20d return 26.6%; category leadership 100/100.
2025-12-10 16:00:00,NOW,RNOWUSDT,SELL,172.371771,12.334555797983652,2124.0030981693635,2126.12922739676,2.1261292273967602,rebalance
2025-12-10 16:00:00,NOK,RNOKUSDT,BUY,6.433215,329.8321627603634,-2124.0030981693635,2121.8812169524113,2.1218812169524113,bitget RNOKUSDT price 14.05; 20d return -13.3%; category leadership 100/100.
2025-12-11 16:00:00,SNDK,RSNDKUSDT,SELL,209.22533500000003,9.59110711089188,2004.6958956989388,2006.702598297236,2.006702598297236,rebalance
2025-12-11 16:00:00,PLTR,RPLTRUSDT,SELL,180.52969000000002,11.4549214785832,2065.885470079464,2067.953423502967,2.067953423502967,rebalance
2025-12-11 16:00:00,PLUG,RPLUGUSDT,BUY,2.3361674999999997,879.1401695715742,-2055.872510789698,2053.8186920976004,2.0538186920976003,bitget RPLUGUSDT price 2.61; 20d return -32.6%; category leadership 100/100.
2025-12-11 16:00:00,NOW,RNOWUSDT,BUY,172.78735049999997,11.648399914725676,-2014.708854988705,2012.6961588298752,2.012696158829875,bitget RNOWUSDT price 92.93; 20d return -31.7%; category leadership 100/100.
2025-12-12 16:00:00,LRCX,RLRCXUSDT,SELL,160.85953,11.777395260659368,1892.6117599876395,1894.5062662538935,1.8945062662538936,rebalance
2025-12-12 16:00:00,EXC,REXCUSDT,BUY,43.66182,43.30376147738896,-1892.6117599876395,1890.7210389486909,1.8907210389486908,bitget REXCUSDT price 46.47; 20d return 3.9%; category leadership 100/100.
2025-12-14 16:00:00,NOW,RNOWUSDT,SELL,155.1134045,11.648399914725676,1805.0161447828586,1806.8229677506092,1.8068229677506094,stop loss
2025-12-14 16:00:00,NOK,RNOKUSDT,SELL,6.1969,329.8321627603634,2041.8929924802865,2043.9369294096962,2.0439369294096963,rebalance
2025-12-14 16:00:00,PLTR,RPLTRUSDT,BUY,185.41766249999998,10.796806377155631,-2003.9205195182076,2001.9186009172904,2.0019186009172905,bitget RPLTRUSDT price 113.32; 20d return -29.4%; category leadership 100/100.
2025-12-14 16:00:00,LRCX,RLRCXUSDT,BUY,164.60226,11.185432510310992,-1842.988617744937,1841.1474702746625,1.8411474702746626,bitget RLRCXUSDT price 400.00; 20d return 26.6%; category leadership 100/100.
2025-12-15 16:00:00,GEV,RGEVUSDT,SELL,686.1267650000001,3.354820752523677,2299.530477773852,2301.832310083936,2.301832310083936,rebalance
2025-12-15 16:00:00,LRCX,RLRCXUSDT,SELL,162.69861,11.185432510310992,1818.034467354733,1819.8543216764092,1.8198543216764091,rebalance
2025-12-15 16:00:00,CARR,RCARRUSDT,BUY,52.956464999999994,37.60070329075367,-1993.1915281199738,1991.2003277921815,1.9912003277921815,bitget RCARRUSDT price 74.25; 20d return 16.7%; category leadership 100/100.
2025-12-15 16:00:00,NOK,RNOKUSDT,BUY,6.228112499999999,319.7116827597738,-1993.1915281199738,1991.2003277921815,1.9912003277921815,bitget RNOKUSDT price 14.05; 20d return -13.3%; category leadership 100/100.
2025-12-16 16:00:00,NOK,RNOKUSDT,SELL,6.23688,319.7116827597738,1992.0093965708072,1994.003399970778,1.994003399970778,rebalance
2025-12-16 16:00:00,PANW,RPANWUSDT,BUY,186.803355,10.647072495744467,-1990.897771996423,1988.9088631332897,1.9889088631332899,bitget RPANWUSDT price 283.70; 20d return -3.7%; category leadership 100/100.
2025-12-17 16:00:00,PLUG,RPLUGUSDT,SELL,2.29885,879.1401695715742,2018.9903674407938,2021.0113788196134,2.0210113788196136,rebalance
2025-12-17 16:00:00,CARR,RCARRUSDT,SELL,53.748112500000005,37.60070329075367,2018.9458637199982,2020.9668305505488,2.020966830550549,rebalance
2025-12-17 16:00:00,PANW,RPANWUSDT,SELL,185.897005,10.647072495744467,1977.279630087795,1979.258888976772,1.979258888976772,rebalance
2025-12-17 16:00:00,SNDK,RSNDKUSDT,BUY,223.57173,9.000317665098189,-2014.2288075264983,2012.2165909355626,2.0122165909355627,bitget RSNDKUSDT price 2145.42; 20d return 18.9%; category leadership 100/100.
2025-12-17 16:00:00,NOK,RNOKUSDT,BUY,6.3581775,316.47694499493963,-2014.2288075264983,2012.2165909355626,2.0122165909355627,bitget RNOKUSDT price 14.05; 20d return -13.3%; category leadership 100/100.
2025-12-17 16:00:00,LRCX,RLRCXUSDT,BUY,163.651785,12.295720397645297,-2014.2288075264983,2012.2165909355626,2.0122165909355627,bitget RLRCXUSDT price 400.00; 20d return 26.6%; category leadership 100/100.
2025-12-18 16:00:00,EXC,REXCUSDT,SELL,44.47775,43.30376147738896,1924.1278231738859,1926.0538770509368,1.9260538770509368,rebalance
2025-12-18 16:00:00,APH,RAPHUSDT,BUY,132.18606,15.333869936470958,-2028.9507753060007,2026.9238514545461,2.026923851454546,bitget RAPHUSDT price 165.42; 20d return 13.4%; category leadership 100/100.
2025-12-24 16:00:00,PLTR,RPLTRUSDT,SELL,193.81304500000002,10.796806377155631,2090.4693583117196,2092.5619202319517,2.092561920231952,rebalance
2025-12-24 16:00:00,GEV,RGEVUSDT,BUY,666.97332,3.1311312082683993,-2090.46935831172,2088.3809773343855,2.0883809773343858,bitget RGEVUSDT price 1078.04; 20d return 13.0%; category leadership 100/100.
2025-12-26 16:00:00,GEV,RGEVUSDT,SELL,662.3887399500001,3.1311312082683993,2071.952029607363,2074.026055663026,2.074026055663026,rebalance
2025-12-26 16:00:00,CARR,RCARRUSDT,BUY,53.616795,38.605107736482616,-2071.9520296073624,2069.8821474599026,2.0698821474599027,bitget RCARRUSDT price 74.25; 20d return 16.7%; category leadership 100/100.
2025-12-28 16:00:00,SNDK,RSNDKUSDT,SELL,241.15936000000002,9.000317665098189,2168.340337063862,2170.510847911774,2.170510847911774,rebalance
2025-12-28 16:00:00,NOK,RNOKUSDT,SELL,6.5517225,316.47694499493963,2071.395652133354,2073.4691212546086,2.073469121254609,rebalance
2025-12-28 16:00:00,LRCX,RLRCXUSDT,SELL,175.94198500000002,12.295720397645297,2161.1701203129364,2163.3334537667033,2.1633334537667035,rebalance
2025-12-28 16:00:00,NOW,RNOWUSDT,BUY,153.946935,13.707679723749687,-2112.3655347123436,2110.255279432911,2.110255279432911,bitget RNOWUSDT price 92.93; 20d return -31.7%; category leadership 100/100.
2025-12-28 16:00:00,INTC,RINTCUSDT,BUY,36.4131975,57.9530341830846,-2112.3655347123436,2110.255279432911,2.110255279432911,bitget RINTCUSDT price 138.54; 20d return 25.5%; category leadership 100/100.
2025-12-28 16:00:00,EXC,REXCUSDT,BUY,43.931954999999995,48.034631726107136,-2112.3655347123436,2110.255279432911,2.110255279432911,bitget REXCUSDT price 46.47; 20d return 3.9%; category leadership 100/100.
2025-12-29 16:00:00,APH,RAPHUSDT,SELL,136.91151,15.333869936470958,2097.2839038586967,2099.3832871458426,2.0993832871458427,rebalance
2025-12-29 16:00:00,CARR,RCARRUSDT,SELL,53.49324000000001,38.605107736482616,2063.0471810801478,2065.1122933735214,2.0651122933735215,rebalance
2025-12-29 16:00:00,PANW,RPANWUSDT,BUY,187.54372499999997,11.320671124331254,-2125.243952989178,2123.120832157021,2.123120832157021,bitget RPANWUSDT price 283.70; 20d return -3.7%; category leadership 100/100.
2025-12-29 16:00:00,ARM,RARMUSDT,BUY,111.8208825,18.751415572894462,-2098.8966373227872,2096.799837485302,2.096799837485302,bitget RARMUSDT price 380.48; 20d return -8.6%; category leadership 100/100.
2025-12-30 16:00:00,ARM,RARMUSDT,SELL,110.434755,18.751415572894462,2068.7371767110885,2070.8079846957844,2.0708079846957843,rebalance
2025-12-30 16:00:00,CARR,RCARRUSDT,BUY,53.2616175,38.80224828329488,-2068.7371767110885,2066.6705062048836,2.0666705062048836,bitget RCARRUSDT price 74.25; 20d return 16.7%; category leadership 100/100.
2025-12-31 16:00:00,PANW,RPANWUSDT,SELL,184.33778500000003,11.320671124331254,2084.7406123329106,2086.827439772683,2.086827439772683,rebalance
2025-12-31 16:00:00,ARM,RARMUSDT,BUY,109.44479505,19.02930105928808,-2084.7406123329106,2082.657954378532,2.082657954378532,bitget RARMUSDT price 380.48; 20d return -8.6%; category leadership 100/100.
2026-01-01 16:00:00,NOW,RNOWUSDT,SELL,146.7715775,13.707679723749687,2009.8858791425862,2011.8977769195058,2.011897776919506,rebalance
2026-01-01 16:00:00,EXC,REXCUSDT,SELL,43.81808000000001,48.034631726107136,2102.680550409356,2104.785335745101,2.1047853357451007,rebalance
2026-01-01 16:00:00,CARR,RCARRUSDT,SELL,53.45326,38.80224828329488,2072.0325594054434,2074.106666071515,2.0741066660715153,rebalance
2026-01-01 16:00:00,SNDK,RSNDKUSDT,BUY,264.061965,8.022767435472021,-2120.626241482501,2118.5077337487523,2.1185077337487526,bitget RSNDKUSDT price 2145.42; 20d return 18.9%; category leadership 100/100.
2026-01-01 16:00:00,PLUG,RPLUGUSDT,BUY,2.2161074999999997,955.9589206519777,-2120.626241482501,2118.5077337487523,2.1185077337487526,bitget RPLUGUSDT price 2.61; 20d return -32.6%; category leadership 100/100.
2026-01-01 16:00:00,SMR,RSMRUSDT,BUY,15.447719999999999,125.67583442032169,-1943.346505992383,1941.4051008914917,1.9414051008914917,bitget RSMRUSDT price 10.47; 20d return -20.5%; category leadership 100/100.
2026-01-02 16:00:00,ARM,RARMUSDT,SELL,115.012465,19.02930105928808,2186.4182152337776,2188.6068220558336,2.1886068220558337,rebalance
2026-01-02 16:00:00,LRCX,RLRCXUSDT,BUY,185.962935,11.745534029415726,-2186.418215233777,2184.2339812525247,2.184233981252525,bitget RLRCXUSDT price 400.00; 20d return 26.6%; category leadership 100/100.
2026-01-04 16:00:00,INTC,RINTCUSDT,SELL,40.349815,57.9530341830846,2336.0558137681633,2338.3942079761396,2.3383942079761395,rebalance
2026-01-04 16:00:00,MARA,RMARAUSDT,BUY,10.500247499999999,218.45712799891322,-2296.147766039896,2293.853912127768,2.2938539121277683,bitget RMARAUSDT price 14.27; 20d return -3.9%; category leadership 100/100.
2026-01-06 16:00:00,MARA,RMARAUSDT,SELL,10.104945,218.45712799891322,2205.2897660236918,2207.4972632869785,2.2074972632869785,rebalance
2026-01-06 16:00:00,INTC,RINTCUSDT,BUY,43.72185,51.30054787007105,-2245.197813751959,2242.954858893066,2.242954858893066,bitget RINTCUSDT price 138.54; 20d return 25.5%; category leadership 100/100.
2026-01-07 16:00:00,INTC,RINTCUSDT,SELL,41.31933000000001,51.30054787007105,2117.584562357639,2119.7042666242633,2.119704266624263,stop loss
2026-01-07 16:00:00,PLUG,RPLUGUSDT,SELL,2.33883,955.9589206519777,2233.5895769860767,2235.825402388465,2.2358254023884654,rebalance
2026-01-07 16:00:00,PANW,RPANWUSDT,BUY,190.885395,12.174696489177348,-2326.295720090073,2323.971748341731,2.323971748341731,bitget RPANWUSDT price 283.70; 20d return -3.7%; category leadership 100/100.
2026-01-07 16:00:00,INTC,RINTCUSDT,BUY,41.36067,48.907707822188385,-2024.8784192536425,2022.8555636899525,2.022855563689953,bitget RINTCUSDT price 138.54; 20d return 25.5%; category leadership 100/100.
2026-01-09 16:00:00,PANW,RPANWUSDT,SELL,189.17536500000003,12.174696489177348,2300.8494994522393,2303.152652104344,2.3031526521043437,rebalance
2026-01-09 16:00:00,CARR,RCARRUSDT,BUY,56.218095,40.88631869336262,-2300.8494994522393,2298.5509485037355,2.2985509485037356,bitget RCARRUSDT price 74.25; 20d return 16.7%; category leadership 100/100.
2026-01-11 16:00:00,SMR,RSMRUSDT,SELL,20.08995,125.67583442032169,2522.2964084828295,2524.821229712542,2.524821229712542,rebalance
2026-01-11 16:00:00,APH,RAPHUSDT,BUY,145.962945,17.263125458663353,-2522.2964084828295,2519.7766318509784,2.5197766318509784,bitget RAPHUSDT price 165.42; 20d return 13.4%; category leadership 100/100.
2026-01-12 16:00:00,CARR,RCARRUSDT,SELL,55.442265,40.88631869336262,2264.563285755992,2266.830115871864,2.2668301158718642,rebalance
2026-01-12 16:00:00,MARA,RMARAUSDT,BUY,10.845419999999999,208.595055311018,-2264.5632857559917,2262.3009847712206,2.2623009847712208,bitget RMARAUSDT price 14.27; 20d return -3.9%; category leadership 100/100.
2026-01-14 16:00:00,LRCX,RLRCXUSDT,SELL,220.49969500000003,11.745534029415726,2587.2967844271907,2589.886671098289,2.589886671098289,rebalance
2026-01-14 16:00:00,PLUG,RPLUGUSDT,BUY,2.3611799999999996,1094.6696449888768,-2587.2967844271907,2584.712072354836,2.584712072354836,bitget RPLUGUSDT price 2.61; 20d return -32.6%; category leadership 100/100.
2026-01-15 16:00:00,INTC,RINTCUSDT,SELL,47.711132500000005,48.907707822188385,2331.108686047541,2333.442128175717,2.333442128175717,rebalance
2026-01-15 16:00:00,GEV,RGEVUSDT,BUY,687.593625,3.3868549990430754,-2331.108686047541,2328.7799061414,2.3287799061414,bitget RGEVUSDT price 1078.04; 20d return 13.0%; category leadership 100/100.
2026-01-16 16:00:00,PLUG,RPLUGUSDT,SELL,2.368815,1094.6696449888768,2590.476805219232,2593.0698750943266,2.5930698750943266,rebalance
2026-01-16 16:00:00,SMCI,RSMCIUSDT,BUY,32.91645,78.61992761378976,-2590.476805219232,2587.8889163029294,2.5878889163029295,bitget RSMCIUSDT price 33.66; 20d return -28.4%; category leadership 100/100.
2026-01-19 16:00:00,MARA,RMARAUSDT,SELL,10.709642500000001,208.595055311018,2231.744491179081,2233.9784696487295,2.2339784696487297,rebalance
2026-01-19 16:00:00,INTC,RINTCUSDT,BUY,49.244609999999994,45.274294510665804,-2231.7444911790813,2229.514976202878,2.229514976202878,bitget RINTCUSDT price 138.54; 20d return 25.5%; category leadership 100/100.
2026-01-20 16:00:00,APH,RAPHUSDT,SELL,154.172875,17.263125458663353,2658.8441777643748,2661.505683447823,2.661505683447823,rebalance
2026-01-20 16:00:00,GEV,RGEVUSDT,SELL,675.931865,3.3868549990430754,2286.9939327717716,2289.2832159877594,2.2892832159877594,rebalance
2026-01-20 16:00:00,ARM,RARMUSDT,BUY,116.51822999999999,23.51971661009215,-2743.216225259047,2740.4757495095373,2.7404757495095375,bitget RARMUSDT price 380.48; 20d return -8.6%; category leadership 100/100.
2026-01-20 16:00:00,SMR,RSMRUSDT,BUY,20.67033,106.45313663658422,-2202.621885277099,2200.4214638132858,2.200421463813286,bitget RSMRUSDT price 10.47; 20d return -20.5%; category leadership 100/100.
2026-01-22 16:00:00,INTC,RINTCUSDT,SELL,45.7221275,45.274294510665804,2067.9670290231224,2070.0370660892117,2.070037066089212,stop loss
2026-01-22 16:00:00,SMCI,RSMCIUSDT,SELL,32.233875000000005,78.61992761378976,2531.6906942927358,2534.2249192119475,2.5342249192119475,rebalance
2026-01-22 16:00:00,SMR,RSMRUSDT,SELL,20.214887500000003,106.45313663658422,2149.786242949548,2151.938181130679,2.151938181130679,rebalance
2026-01-22 16:00:00,PLUG,RPLUGUSDT,BUY,2.56128,1051.1555242719003,-2694.99592482834,2692.303621207133,2.6923036212071327,bitget RPLUGUSDT price 2.61; 20d return -32.6%; category leadership 100/100.
2026-01-22 16:00:00,NOW,RNOWUSDT,BUY,132.88640999999998,20.26018778900817,-2694.99592482834,2692.303621207133,2.6923036212071327,bitget RNOWUSDT price 92.93; 20d return -31.7%; category leadership 100/100.
2026-01-22 16:00:00,NOK,RNOKUSDT,BUY,6.753374999999999,201.09856517461878,-1359.452116608727,1358.094022586141,1.3580940225861409,bitget RNOKUSDT price 14.05; 20d return -13.3%; category leadership 100/100.
2026-01-25 16:00:00,PLUG,RPLUGUSDT,SELL,2.3738125,1051.1555242719003,2492.7508768377293,2495.24612296069,2.4952461229606904,stop loss
2026-01-25 16:00:00,CARR,RCARRUSDT,BUY,57.21859499999999,43.52187634494535,-2492.7508768377293,2490.260616221508,2.490260616221508,bitget RCARRUSDT price 74.25; 20d return 16.7%; category leadership 100/100.
2026-01-26 16:00:00,SNDK,RSNDKUSDT,SELL,476.9064275,8.022767435472021,3822.2832469579844,3826.1093563142986,3.8261093563142987,rebalance
2026-01-26 16:00:00,ARM,RARMUSDT,SELL,116.53170500000002,23.51971661009215,2738.051885013168,2740.792677690859,2.740792677690859,rebalance
2026-01-26 16:00:00,CARR,RCARRUSDT,SELL,57.246362500000004,43.52187634494535,2488.9776408129937,2491.4691099229167,2.491469109922917,rebalance
2026-01-26 16:00:00,PLUG,RPLUGUSDT,BUY,2.3061525,1139.1389542018574,-2629.6551752270793,2627.028147079999,2.627028147079999,bitget RPLUGUSDT price 2.61; 20d return -32.6%; category leadership 100/100.
2026-01-26 16:00:00,APH,RAPHUSDT,BUY,162.771345,16.13937727847613,-2629.6551752270793,2627.028147079999,2.627028147079999,bitget RAPHUSDT price 165.42; 20d return 13.4%; category leadership 100/100.
2026-01-26 16:00:00,LRCX,RLRCXUSDT,BUY,237.2035425,11.074995421200336,-2629.6551752270793,2627.028147079999,2.627028147079999,bitget RLRCXUSDT price 400.00; 20d return 26.6%; category leadership 100/100.
2026-01-27 16:00:00,APH,RAPHUSDT,SELL,143.74809,16.13937727847613,2317.684652912771,2320.0046575703414,2.3200046575703412,stop loss
2026-01-27 16:00:00,NOK,RNOKUSDT,SELL,6.7116425,201.09856517461878,1348.3519750382764,1349.7016767149914,1.3497016767149914,rebalance
2026-01-27 16:00:00,GEV,RGEVUSDT,BUY,691.8657599999999,3.759707936067694,-2603.8144017540717,2601.2131885655062,2.6012131885655063,bitget RGEVUSDT price 1078.04; 20d return 13.0%; category leadership 100/100.
2026-01-27 16:00:00,SNDK,RSNDKUSDT,BUY,509.48461499999996,4.358029779124358,-2222.569473299884,2220.3491241757083,2.2203491241757085,bitget RSNDKUSDT price 2145.42; 20d return 18.9%; category leadership 100/100.
2026-01-28 16:00:00,NOW,RNOWUSDT,SELL,113.833055,20.26018778900817,2303.972791825599,2306.2790708964953,2.3062790708964953,stop loss
2026-01-28 16:00:00,PLUG,RPLUGUSDT,SELL,2.3238375000000002,1139.1389542018574,2644.526645665574,2647.173819485059,2.647173819485059,rebalance
2026-01-28 16:00:00,INTC,RINTCUSDT,BUY,47.273624999999996,52.48587148566924,-2483.678603818132,2481.1974064117203,2.48119740641172,bitget RINTCUSDT price 138.54; 20d return 25.5%; category leadership 100/100.
2026-01-28 16:00:00,EXC,REXCUSDT,BUY,45.002489999999995,54.71604960520726,-2464.8208336730413,2462.3584751978433,2.4623584751978433,bitget REXCUSDT price 46.47; 20d return 3.9%; category leadership 100/100.
2026-01-29 16:00:00,EXC,REXCUSDT,SELL,44.05296250000001,54.71604960520726,2407.993677324929,2410.4040814063355,2.4104040814063357,rebalance
2026-01-29 16:00:00,CARR,RCARRUSDT,BUY,59.669819999999994,40.31498820066314,-2407.9936773249287,2405.588089235693,2.4055880892356933,bitget RCARRUSDT price 74.25; 20d return 16.7%; category leadership 100/100.
2026-02-02 16:00:00,LRCX,RLRCXUSDT,SELL,236.47170500000001,11.074995421200336,2616.3041270683184,2618.923050118437,2.618923050118437,rebalance
2026-02-02 16:00:00,APH,RAPHUSDT,BUY,146.143035,17.88446802566874,-2616.304127068319,2613.690436631687,2.6136904366316873,bitget RAPHUSDT price 165.42; 20d return 13.4%; category leadership 100/100.
2026-02-03 16:00:00,APH,RAPHUSDT,SELL,134.0679325,17.88446802566874,2395.335918411701,2397.733652063765,2.397733652063765,stop loss
2026-02-03 16:00:00,INTC,RINTCUSDT,SELL,47.206385,52.48587148566924,2475.1905881566113,2477.668256413024,2.477668256413024,rebalance
2026-02-03 16:00:00,SMCI,RSMCIUSDT,BUY,33.946965,75.97305750049615,-2581.6337786362424,2579.0547239123302,2.5790547239123303,bitget RSMCIUSDT price 33.66; 20d return -28.4%; category leadership 100/100.
2026-02-03 16:00:00,NOK,RNOKUSDT,BUY,6.843419999999999,334.132074578246,-2288.89272793207,2286.60612181026,2.28660612181026,bitget RNOKUSDT price 14.05; 20d return -13.3%; category leadership 100/100.
2026-02-04 16:00:00,SMCI,RSMCIUSDT,SELL,30.119932500000004,75.97305750049615,2286.01506036983,2288.3033637335634,2.2883033637335632,stop loss
2026-02-04 16:00:00,SNDK,RSNDKUSDT,SELL,590.354675,4.358029779124358,2570.2104706413875,2572.7832538952825,2.5727832538952824,rebalance
2026-02-04 16:00:00,SMCI,RSMCIUSDT,BUY,30.1500675,82.38996719776466,-2486.5471354077254,2484.06307233539,2.48406307233539,bitget RSMCIUSDT price 33.66; 20d return -28.4%; category leadership 100/100.
2026-02-04 16:00:00,ARM,RARMUSDT,BUY,110.12503499999998,21.496575093201777,-2369.6783956034924,2367.3110845189735,2.3673110845189735,bitget RARMUSDT price 380.48; 20d return -8.6%; category leadership 100/100.
2026-02-05 16:00:00,GEV,RGEVUSDT,SELL,766.406605,3.759707936067694,2878.5835300781255,2881.4649950731987,2.8814649950731988,rebalance
2026-02-05 16:00:00,INTC,RINTCUSDT,BUY,50.075025,52.85803588168182,-2649.51433569434,2646.867468226114,2.646867468226114,bitget RINTCUSDT price 138.54; 20d return 25.5%; category leadership 100/100.
2026-02-06 16:00:00,INTC,RINTCUSDT,SELL,50.63467,52.85803588168182,2673.7727545134007,2676.449203717118,2.676449203717118,rebalance
2026-02-06 16:00:00,SMR,RSMRUSDT,BUY,17.50875,152.10499909828118,-2665.8315713649927,2663.1684029620305,2.6631684029620306,bitget RSMRUSDT price 10.47; 20d return -20.5%; category leadership 100/100.
2026-02-08 16:00:00,SMR,RSMRUSDT,SELL,17.67116,152.10499909828118,2685.183904089717,2687.8717758655825,2.687871775865583,rebalance
2026-02-08 16:00:00,GEV,RGEVUSDT,BUY,806.4880425,3.289977222982737,-2655.980617723367,2653.3272904329338,2.6533272904329337,bitget RGEVUSDT price 1078.04; 20d return 13.0%; category leadership 100/100.
2026-02-09 16:00:00,CARR,RCARRUSDT,SELL,65.60718,40.31498820066314,2642.3077348912034,2644.9526875787824,2.6449526875787823,rebalance
2026-02-09 16:00:00,SMCI,RSMCIUSDT,SELL,34.022980000000004,82.38996719776466,2800.3490539640334,2803.1522061702035,2.8031522061702034,rebalance
2026-02-09 16:00:00,APH,RAPHUSDT,BUY,147.023475,18.36573776943749,-2702.89478238925,2700.1945878014485,2.7001945878014486,bitget RAPHUSDT price 165.42; 20d return 13.4%; category leadership 100/100.
2026-02-09 16:00:00,SMR,RSMRUSDT,BUY,17.66883,152.82248953674062,-2702.89478238925,2700.1945878014485,2.7001945878014486,bitget RSMRUSDT price 10.47; 20d return -20.5%; category leadership 100/100.
2026-02-10 16:00:00,SMR,RSMRUSDT,SELL,15.362315,152.82248953674062,2345.359516124266,2347.7072233476138,2.347707223347614,stop loss
2026-02-10 16:00:00,NOK,RNOKUSDT,SELL,7.201397500000001,334.132074578246,2403.811668651057,2406.2178865375945,2.4062178865375947,rebalance
2026-02-10 16:00:00,SMCI,RSMCIUSDT,BUY,32.71635,79.76765143967714,-2612.3161095816595,2609.706403178481,2.6097064031784813,bitget RSMCIUSDT price 33.66; 20d return -28.4%; category leadership 100/100.
2026-02-10 16:00:00,LRCX,RLRCXUSDT,BUY,234.747315,10.383498804679581,-2439.9359631689454,2437.498464704241,2.437498464704241,bitget RLRCXUSDT price 400.00; 20d return 26.6%; category leadership 100/100.
2026-02-11 16:00:00,SMCI,RSMCIUSDT,SELL,30.9845,79.76765143967714,2469.089235236644,2471.5607960326765,2.4715607960326764,stop loss
2026-02-11 16:00:00,ARM,RARMUSDT,SELL,125.067435,21.496575093201777,2685.8329866834406,2688.521508191632,2.688521508191632,rebalance
2026-02-11 16:00:00,LRCX,RLRCXUSDT,SELL,236.711585,10.383498804679581,2455.436565441408,2457.8944599013093,2.4578944599013095,rebalance
2026-02-11 16:00:00,SNDK,RSNDKUSDT,BUY,639.2744775,4.072611618000307,-2606.120180821734,2603.516664157576,2.603516664157576,bitget RSNDKUSDT price 2145.42; 20d return 18.9%; category leadership 100/100.
2026-02-11 16:00:00,PANW,RPANWUSDT,BUY,161.87589749999998,16.08341145510916,-2606.120180821734,2603.516664157576,2.603516664157576,bitget RPANWUSDT price 283.70; 20d return -3.7%; category leadership 100/100.
2026-02-11 16:00:00,EXC,REXCUSDT,BUY,47.48373,50.45354910018674,-2398.1184257180253,2395.72270301501,2.3957227030150103,bitget REXCUSDT price 46.47; 20d return 3.9%; category leadership 100/100.
2026-02-12 16:00:00,SNDK,RSNDKUSDT,SELL,610.97436,4.072611618000307,2485.773015559466,2488.2612768363024,2.4882612768363024,rebalance
2026-02-12 16:00:00,NOW,RNOWUSDT,BUY,106.21307999999999,23.380262824819997,-2485.773015559466,2483.289725833632,2.483289725833632,bitget RNOWUSDT price 92.93; 20d return -31.7%; category leadership 100/100.
2026-02-13 16:00:00,GEV,RGEVUSDT,SELL,802.0887550000001,3.289977222982737,2636.2148810258204,2638.853734760581,2.6388537347605814,rebalance
2026-02-13 16:00:00,SNDK,RSNDKUSDT,BUY,630.304995,4.112345872063111,-2594.6241764733386,2592.0321443290095,2.5920321443290097,bitget RSNDKUSDT price 2145.42; 20d return 18.9%; category leadership 100/100.
2026-02-16 16:00:00,APH,RAPHUSDT,SELL,144.50771000000003,18.36573776943749,2651.336716814398,2653.9907075219203,2.6539907075219205,rebalance
2026-02-16 16:00:00,PANW,RPANWUSDT,SELL,161.569175,16.08341145510916,2595.9849364675492,2598.583519987537,2.598583519987537,rebalance
2026-02-16 16:00:00,NOW,RNOWUSDT,SELL,105.20737000000001,23.380262824819997,2457.3161857463747,2459.775961708083,2.459775961708083,rebalance
2026-02-16 16:00:00,GEV,RGEVUSDT,BUY,816.538065,3.1127861144170583,-2544.250058975598,2541.7083506249733,2.5417083506249734,bitget RGEVUSDT price 1078.04; 20d return 13.0%; category leadership 100/100.
2026-02-16 16:00:00,CARR,RCARRUSDT,BUY,66.14305499999999,38.42744110662826,-2544.250058975598,2541.7083506249733,2.5417083506249734,bitget RCARRUSDT price 74.25; 20d return 16.7%; category leadership 100/100.
2026-02-16 16:00:00,LRCX,RLRCXUSDT,BUY,235.347615,10.799805005990706,-2544.250058975598,2541.7083506249733,2.5417083506249734,bitget RLRCXUSDT price 400.00; 20d return 26.6%; category leadership 100/100.
2026-02-17 16:00:00,SNDK,RSNDKUSDT,SELL,604.4976,4.112345872063111,2483.4173068220257,2485.903210032058,2.485903210032058,rebalance
2026-02-17 16:00:00,GEV,RGEVUSDT,SELL,828.14572,3.1127861144170583,2575.262657431987,2577.840497929917,2.577840497929917,rebalance
2026-02-17 16:00:00,CARR,RCARRUSDT,SELL,65.75710500000001,38.42744110662826,2524.3504024501412,2526.877279729871,2.526877279729871,rebalance
2026-02-17 16:00:00,LRCX,RLRCXUSDT,SELL,241.63912,10.799805005990706,2607.0457224413694,2609.6553778191887,2.609655377819189,rebalance
2026-02-17 16:00:00,NOW,RNOWUSDT,BUY,107.39367,23.588901137022262,-2535.831963036366,2533.2986643719937,2.5332986643719937,bitget RNOWUSDT price 92.93; 20d return -31.7%; category leadership 100/100.
2026-02-17 16:00:00,APH,RAPHUSDT,BUY,150.86539499999998,16.791780940698786,-2535.831963036366,2533.2986643719937,2.5332986643719937,bitget RAPHUSDT price 165.42; 20d return 13.4%; category leadership 100/100.
2026-02-17 16:00:00,NOK,RNOKUSDT,BUY,7.433714999999999,340.78501319622745,-2535.831963036366,2533.2986643719937,2.5332986643719937,bitget RNOKUSDT price 14.05; 20d return -13.3%; category leadership 100/100.
2026-02-17 16:00:00,PLTR,RPLTRUSDT,BUY,140.10001499999998,18.082072756180605,-2535.831963036366,2533.2986643719937,2.5332986643719937,bitget RPLTRUSDT price 113.32; 20d return -29.4%; category leadership 100/100.
2026-02-18 16:00:00,EXC,REXCUSDT,SELL,47.31633000000001,50.45354910018674,2384.8895021167436,2387.2767788956394,2.3872767788956395,rebalance
2026-02-18 16:00:00,APH,RAPHUSDT,SELL,147.82605,16.791780940698786,2479.780386279857,2482.262648928786,2.482262648928786,rebalance
2026-02-18 16:00:00,SMCI,RSMCIUSDT,BUY,31.825904999999995,78.91209910778772,-2513.9604185245917,2511.4489695550365,2.5114489695550364,bitget RSMCIUSDT price 33.66; 20d return -28.4%; category leadership 100/100.
2026-02-18 16:00:00,MARA,RMARAUSDT,BUY,7.648822499999999,327.94951718126526,-2510.936073526078,2508.427645880198,2.508427645880198,bitget RMARAUSDT price 14.27; 20d return -3.9%; category leadership 100/100.
2026-02-19 16:00:00,NOW,RNOWUSDT,SELL,106.40677,23.588901137022262,2507.5087590620265,2510.0187778398663,2.5100187778398664,rebalance
2026-02-19 16:00:00,PLTR,RPLTRUSDT,SELL,134.6976175,18.082072756180605,2433.1765075994667,2435.612119719186,2.435612119719186,rebalance
2026-02-19 16:00:00,APH,RAPHUSDT,BUY,153.39666,16.613480106742724,-2551.0008117101283,2548.4523593507774,2.5484523593507773,bitget RAPHUSDT price 165.42; 20d return 13.4%; category leadership 100/100.
2026-02-19 16:00:00,ARM,RARMUSDT,BUY,129.44468999999998,18.44260400170584,-2389.684454951365,2387.2971577935714,2.3872971577935713,bitget RARMUSDT price 380.48; 20d return -8.6%; category leadership 100/100.
2026-02-20 16:00:00,MARA,RMARAUSDT,SELL,7.99470065,327.94951718126526,2619.2363599580713,2621.8582181762476,2.6218582181762478,rebalance
2026-02-20 16:00:00,ARM,RARMUSDT,SELL,125.627155,18.44260400170584,2314.5749796543937,2316.8918715259197,2.31689187152592,rebalance
2026-02-20 16:00:00,GEV,RGEVUSDT,BUY,830.264925,3.037098481569553,-2524.1179393609764,2521.5963430179586,2.5215963430179587,bitget RGEVUSDT price 1078.04; 20d return 13.0%; category leadership 100/100.
2026-02-20 16:00:00,LRCX,RLRCXUSDT,BUY,244.82234999999997,9.832787382922152,-2409.693400251488,2407.286114137351,2.407286114137351,bitget RLRCXUSDT price 400.00; 20d return 26.6%; category leadership 100/100.
2026-02-22 16:00:00,GEV,RGEVUSDT,SELL,818.120735,3.037098481569553,2482.2285287670575,2484.7132420090666,2.4847132420090667,rebalance
2026-02-22 16:00:00,LRCX,RLRCXUSDT,SELL,240.41973000000002,9.832787382922152,2361.632091661801,2363.9960877495505,2.3639960877495505,rebalance
2026-02-22 16:00:00,SNDK,RSNDKUSDT,BUY,678.489075,3.64925907000456,-2478.458393253597,2475.9824108427542,2.475982410842754,bitget RSNDKUSDT price 2145.42; 20d return 18.9%; category leadership 100/100.
2026-02-22 16:00:00,MARA,RMARAUSDT,BUY,7.923959999999999,298.21442662346544,-2365.4022271752624,2363.039187987275,2.363039187987275,bitget RMARAUSDT price 14.27; 20d return -3.9%; category leadership 100/100.
2026-02-23 16:00:00,NOK,RNOKUSDT,SELL,7.441277500000001,340.78501319622745,2533.3399751832567,2535.875851034291,2.535875851034291,rebalance
2026-02-23 16:00:00,APH,RAPHUSDT,SELL,147.7310975,16.613480106742724,2451.873321814056,2454.3276494635197,2.4543276494635196,rebalance
2026-02-23 16:00:00,MARA,RMARAUSDT,SELL,7.7111425,298.21442662346544,2297.2743653100865,2299.573939249336,2.299573939249336,rebalance
2026-02-23 16:00:00,GEV,RGEVUSDT,BUY,859.159365,2.8111684872380756,-2417.656974135879,2415.2417324034755,2.4152417324034756,bitget RGEVUSDT price 1078.04; 20d return 13.0%; category leadership 100/100.
2026-02-23 16:00:00,LRCX,RLRCXUSDT,BUY,243.52169999999998,9.91797335680342,-2417.656974135879,2415.2417324034755,2.4152417324034756,bitget RLRCXUSDT price 400.00; 20d return 26.6%; category leadership 100/100.
2026-02-23 16:00:00,EXC,REXCUSDT,BUY,47.833905,50.49225507312178,-2417.656974135879,2415.2417324034755,2.4152417324034756,bitget REXCUSDT price 46.47; 20d return 3.9%; category leadership 100/100.
2026-02-24 16:00:00,SNDK,RSNDKUSDT,SELL,630.18475,3.64925907000456,2297.40770730134,2299.707414716056,2.2997074147160563,stop loss
2026-02-24 16:00:00,SMCI,RSMCIUSDT,SELL,31.959012500000004,78.91209910778772,2519.4308090252403,2521.952761787027,2.5219527617870274,rebalance
2026-02-24 16:00:00,EXC,REXCUSDT,SELL,48.365805,50.49225507312178,2439.6564643139923,2442.098562876869,2.442098562876869,rebalance
2026-02-24 16:00:00,PLUG,RPLUGUSDT,BUY,1.9659825,1246.5997793855283,-2453.244144126585,2450.7933507758094,2.4507933507758093,bitget RPLUGUSDT price 2.61; 20d return -32.6%; category leadership 100/100.
2026-02-24 16:00:00,MARA,RMARAUSDT,BUY,8.52426,287.50804771039475,-2453.244144126585,2450.7933507758094,2.4507933507758093,bitget RMARAUSDT price 14.27; 20d return -3.9%; category leadership 100/100.
2026-02-24 16:00:00,ARM,RARMUSDT,BUY,131.56574999999998,18.068124006446677,-2379.523432287163,2377.1462860011616,2.3771462860011616,bitget RARMUSDT price 380.48; 20d return -8.6%; category leadership 100/100.
2026-02-25 16:00:00,LRCX,RLRCXUSDT,SELL,234.4827,9.91797335680342,2323.267578060098,2325.5931712313295,2.3255931712313296,rebalance
2026-02-25 16:00:00,PLUG,RPLUGUSDT,SELL,1.9140425,1246.5997793855283,2383.658913276291,2386.0449582345254,2.3860449582345256,rebalance
2026-02-25 16:00:00,ARM,RARMUSDT,SELL,128.07593,18.068124006446677,2311.777693695503,2314.091785480984,2.314091785480984,rebalance
2026-02-25 16:00:00,NOW,RNOWUSDT,BUY,108.97446,21.775152619525755,-2375.308433628535,2372.9354981304045,2.3729354981304045,bitget RNOWUSDT price 92.93; 20d return -31.7%; category leadership 100/100.
2026-02-25 16:00:00,INTC,RINTCUSDT,BUY,45.3476625,52.32762544553216,-2375.308433628535,2372.9354981304045,2.3729354981304045,bitget RINTCUSDT price 138.54; 20d return 25.5%; category leadership 100/100.
2026-02-25 16:00:00,EXC,REXCUSDT,BUY,48.76437,46.4646933053486,-2268.0873177748203,2265.821496278542,2.265821496278542,bitget REXCUSDT price 46.47; 20d return 3.9%; category leadership 100/100.
2026-02-26 16:00:00,NOW,RNOWUSDT,SELL,106.09692500000001,21.775152619525755,2307.9664576030405,2310.276734337378,2.310276734337378,rebalance
2026-02-26 16:00:00,PLTR,RPLTRUSDT,BUY,137.04849,16.823686250072765,-2307.9664576030405,2305.6607968062344,2.3056607968062344,bitget RPLTRUSDT price 113.32; 20d return -29.4%; category leadership 100/100.
2026-02-27 16:00:00,INTC,RINTCUSDT,SELL,45.367305,52.32762544553216,2371.5893801697052,2373.9633435132187,2.3739633435132186,rebalance
2026-02-27 16:00:00,NOW,RNOWUSDT,BUY,108.104025,21.916114224328798,-2371.5893801697057,2369.220160009696,2.369220160009696,bitget RNOWUSDT price 92.93; 20d return -31.7%; category leadership 100/100.
2026-03-01 16:00:00,GEV,RGEVUSDT,SELL,885.1472050000001,2.8111684872380756,2485.809631333598,2488.297929262861,2.488297929262861,rebalance
2026-03-01 16:00:00,EXC,REXCUSDT,SELL,49.24536500000001,46.4646933053486,2285.8826106535134,2288.1707814349484,2.2881707814349483,rebalance
2026-03-01 16:00:00,NOK,RNOKUSDT,BUY,7.918957499999999,313.71423559050993,-2486.7739884850216,2484.2896987862355,2.4842896987862355,bitget RNOKUSDT price 14.05; 20d return -13.3%; category leadership 100/100.
2026-03-01 16:00:00,SMR,RSMRUSDT,BUY,13.32666,171.28339868235597,-2284.9182535020905,2282.635617884206,2.282635617884206,bitget RSMRUSDT price 10.47; 20d return -20.5%; category leadership 100/100.
2026-03-02 16:00:00,SMR,RSMRUSDT,SELL,12.01399,171.28339868235597,2055.739241896902,2057.797038935838,2.057797038935838,stop loss
2026-03-02 16:00:00,NOK,RNOKUSDT,SELL,7.821087500000001,313.71423559050993,2451.1329000624437,2453.5864865489925,2.4535864865489927,rebalance
2026-03-02 16:00:00,PANW,RPANWUSDT,BUY,152.23608,15.55179721289233,-2369.912189290299,2367.5446446456535,2.3675446446456534,bitget RPANWUSDT price 283.70; 20d return -3.7%; category leadership 100/100.
2026-03-02 16:00:00,PLUG,RPLUGUSDT,BUY,2.10105,1016.075356389189,-2136.959952669047,2134.8251275415055,2.1348251275415056,bitget RPLUGUSDT price 2.61; 20d return -32.6%; category leadership 100/100.
2026-03-03 16:00:00,NOW,RNOWUSDT,SELL,113.31331500000002,21.916114224328798,2480.904167122673,2483.38755467735,2.4833875546773503,rebalance
2026-03-03 16:00:00,NOK,RNOKUSDT,BUY,8.314155,298.09712970004665,-2480.9041671226723,2478.425741381291,2.478425741381291,bitget RNOKUSDT price 14.05; 20d return -13.3%; category leadership 100/100.
2026-03-04 16:00:00,NOK,RNOKUSDT,SELL,7.831082500000001,298.09712970004665,2332.0887924785716,2334.4232156942658,2.3344232156942657,stop loss
2026-03-04 16:00:00,MARA,RMARAUSDT,SELL,8.830582500000002,287.50804771039475,2536.324671185857,2538.8635347205777,2.5388635347205777,rebalance
2026-03-04 16:00:00,SMCI,RSMCIUSDT,BUY,33.166574999999995,74.46512924057471,-2472.223047136056,2469.7532938422137,2.4697532938422135,bitget RSMCIUSDT price 33.66; 20d return -28.4%; category leadership 100/100.
2026-03-04 16:00:00,NOW,RNOWUSDT,BUY,120.40017,19.882003654217968,-2396.1904165283727,2393.7966199084644,2.3937966199084646,bitget RNOWUSDT price 92.93; 20d return -31.7%; category leadership 100/100.
2026-03-05 16:00:00,SMCI,RSMCIUSDT,SELL,31.7691075,74.46512924057471,2363.325005149366,2365.6906958452114,2.3656906958452115,rebalance
2026-03-05 16:00:00,NOK,RNOKUSDT,BUY,7.7588775,304.2919599011916,-2363.325005149366,2360.964041108258,2.3609640411082577,bitget RNOKUSDT price 14.05; 20d return -13.3%; category leadership 100/100.
2026-03-06 16:00:00,NOK,RNOKUSDT,SELL,7.666165,304.2919599011916,2330.4196204031427,2332.7523727759185,2.3327523727759187,rebalance
2026-03-06 16:00:00,EXC,REXCUSDT,BUY,49.57157339999999,46.96424521546998,-2330.4196204031427,2328.0915288742685,2.3280915288742685,bitget REXCUSDT price 46.47; 20d return 3.9%; category leadership 100/100.
2026-03-08 16:00:00,PLUG,RPLUGUSDT,SELL,2.128935,1016.075356389189,2160.9952304655635,2163.158388854418,2.1631583888544177,rebalance
2026-03-08 16:00:00,EXC,REXCUSDT,SELL,49.0304725,46.96424521546998,2300.376454386837,2302.6791335203575,2.3026791335203574,rebalance
2026-03-08 16:00:00,SMCI,RSMCIUSDT,BUY,31.075529999999997,77.80753053538153,-2420.328159627543,2417.9102493781647,2.417910249378165,bitget RSMCIUSDT price 33.66; 20d return -28.4%; category leadership 100/100.
2026-03-08 16:00:00,INTC,RINTCUSDT,BUY,44.16207,46.17094535433129,-2041.0435252248574,2039.0045207041533,2.0390045207041534,bitget RINTCUSDT price 138.54; 20d return 25.5%; category leadership 100/100.
2026-03-09 16:00:00,PLTR,RPLTRUSDT,SELL,150.994465,16.823686250072765,2537.743221152936,2540.2835046575933,2.5402835046575936,rebalance
2026-03-09 16:00:00,SMCI,RSMCIUSDT,SELL,32.0089875,77.80753053538153,2488.049732040583,2490.540272312896,2.490540272312896,rebalance
2026-03-09 16:00:00,SNDK,RSNDKUSDT,BUY,625.702695,3.8758176828664666,-2427.5346790677013,2425.109569498203,2.425109569498203,bitget RSNDKUSDT price 2145.42; 20d return 18.9%; category leadership 100/100.
2026-03-09 16:00:00,APH,RAPHUSDT,BUY,137.6637975,17.616175156712522,-2427.5346790677013,2425.109569498203,2.425109569498203,bitget RAPHUSDT price 165.42; 20d return 13.4%; category leadership 100/100.
2026-03-10 16:00:00,NOW,RNOWUSDT,SELL,114.072935,19.882003654217968,2265.7305120068513,2267.9985105173687,2.267998510517369,stop loss
2026-03-10 16:00:00,APH,RAPHUSDT,SELL,133.57318,17.616175156712522,2350.695486583971,2353.04853511909,2.35304853511909,rebalance
2026-03-10 16:00:00,GEV,RGEVUSDT,BUY,843.3564674999999,2.847875089298134,-2404.1756490669127,2401.773875191721,2.401773875191721,bitget RGEVUSDT price 1078.04; 20d return 13.0%; category leadership 100/100.
2026-03-10 16:00:00,EXC,REXCUSDT,BUY,48.87942749999999,48.703380399265036,-2382.973944582027,2380.593351230796,2.380593351230796,bitget REXCUSDT price 46.47; 20d return 3.9%; category leadership 100/100.
2026-03-11 16:00:00,PANW,RPANWUSDT,SELL,167.61615,15.55179721289233,2604.125642031337,2606.732374405743,2.606732374405743,rebalance
2026-03-11 16:00:00,EXC,REXCUSDT,SELL,49.63517,48.703380399265036,2414.983165126496,2417.400565692188,2.417400565692188,rebalance
2026-03-11 16:00:00,MARA,RMARAUSDT,BUY,8.6093025,277.7383676060536,-2393.524756199293,2391.1336225767163,2.3911336225767164,bitget RMARAUSDT price 14.27; 20d return -3.9%; category leadership 100/100.
2026-03-11 16:00:00,NOK,RNOKUSDT,BUY,8.1890925,291.9900614844339,-2393.524756199293,2391.1336225767163,2.3911336225767164,bitget RNOKUSDT price 14.05; 20d return -13.3%; category leadership 100/100.
2026-03-12 16:00:00,GEV,RGEVUSDT,SELL,809.924835,2.847875089298134,2304.258197038601,2306.5647618004014,2.3065647618004013,rebalance
2026-03-12 16:00:00,LRCX,RLRCXUSDT,BUY,213.73681499999998,11.382271214003191,-2435.2432071439725,2432.8103967472252,2.432810396747225,bitget RLRCXUSDT price 400.00; 20d return 26.6%; category leadership 100/100.
2026-03-15 16:00:00,INTC,RINTCUSDT,SELL,48.175900000000006,46.17094535433129,2222.102519449433,2224.326846295729,2.224326846295729,rebalance
2026-03-15 16:00:00,LRCX,RLRCXUSDT,SELL,217.73108000000002,11.382271214003191,2475.7959300735483,2478.2742042778264,2.4782742042778265,rebalance
2026-03-15 16:00:00,PLUG,RPLUGUSDT,BUY,2.2661325,1115.9253594949216,-2531.3635594503507,2528.834724725625,2.528834724725625,bitget RPLUGUSDT price 2.61; 20d return -32.6%; category leadership 100/100.
2026-03-15 16:00:00,PANW,RPANWUSDT,BUY,167.853885,13.495927311397116,-2267.6091747265064,2265.3438308956106,2.2653438308956106,bitget RPANWUSDT price 283.70; 20d return -3.7%; category leadership 100/100.
2026-03-16 16:00:00,PLUG,RPLUGUSDT,SELL,2.2238875,1115.9253594949216,2479.210765455849,2481.6924579137626,2.4816924579137627,rebalance
2026-03-16 16:00:00,PANW,RPANWUSDT,SELL,169.8800175,13.495927311397116,2290.3956794710316,2292.6883678388704,2.2926883678388705,rebalance
2026-03-16 16:00:00,APH,RAPHUSDT,BUY,141.89091,17.671625385871597,-2509.950450187602,2507.443007180422,2.507443007180422,bitget RAPHUSDT price 165.42; 20d return 13.4%; category leadership 100/100.
2026-03-16 16:00:00,ARM,RARMUSDT,BUY,125.8629,17.935377272755787,-2259.6559947392775,2257.3985961431345,2.2573985961431347,bitget RARMUSDT price 380.48; 20d return -8.6%; category leadership 100/100.
2026-03-17 16:00:00,APH,RAPHUSDT,SELL,131.20936250000003,17.671625385871597,2316.36401851781,2318.6827012190292,2.3186827012190294,stop loss
2026-03-17 16:00:00,LRCX,RLRCXUSDT,BUY,231.69579,9.987449355679967,-2316.36401851781,2314.049968549261,2.314049968549261,bitget RLRCXUSDT price 400.00; 20d return 26.6%; category leadership 100/100.
2026-03-18 16:00:00,MARA,RMARAUSDT,SELL,8.8905525,277.7383676060536,2466.778290927453,2469.2475384659188,2.4692475384659187,rebalance
2026-03-18 16:00:00,NOK,RNOKUSDT,SELL,8.2008975,291.9900614844339,2392.185984687288,2394.5805652525405,2.3945805652525407,rebalance
2026-03-18 16:00:00,GEV,RGEVUSDT,BUY,853.00629,2.8761419227549294,-2455.8205181936914,2453.367151042649,2.4533671510426487,bitget RGEVUSDT price 1078.04; 20d return 13.0%; category leadership 100/100.
2026-03-18 16:00:00,PLUG,RPLUGUSDT,BUY,2.2961475,1045.552611235403,-2403.143757421049,2400.7430144066425,2.4007430144066424,bitget RPLUGUSDT price 2.61; 20d return -32.6%; category leadership 100/100.
2026-03-20 16:00:00,PLUG,RPLUGUSDT,SELL,2.2590699000000005,1045.552611235403,2359.614456475393,2361.9764329083014,2.3619764329083015,rebalance
2026-03-20 16:00:00,CARR,RCARRUSDT,BUY,58.09903499999999,40.57308695877853,-2359.6144564753936,2357.2571992761173,2.357257199276117,bitget RCARRUSDT price 74.25; 20d return 16.7%; category leadership 100/100.
2026-03-22 16:00:00,SNDK,RSNDKUSDT,SELL,682.67849,3.8758176828664666,2643.291425891324,2645.9373632545785,2.6459373632545784,rebalance
2026-03-22 16:00:00,PLTR,RPLTRUSDT,BUY,156.35814,15.803411943405637,-2473.463089221815,2470.9920971246906,2.470992097124691,bitget RPLTRUSDT price 113.32; 20d return -29.4%; category leadership 100/100.
2026-03-23 16:00:00,PLTR,RPLTRUSDT,SELL,153.39826250000002,15.803411943405637,2421.791717756483,2424.215933690173,2.4242159336901734,rebalance
2026-03-23 16:00:00,APH,RAPHUSDT,BUY,131.395665,18.908465355136247,-2486.9748698470557,2484.4903794675884,2.4844903794675885,bitget RAPHUSDT price 165.42; 20d return 13.4%; category leadership 100/100.
2026-03-24 16:00:00,LRCX,RLRCXUSDT,SELL,232.04392,9.987449355679967,2315.2093723941603,2317.526899293454,2.317526899293454,rebalance
2026-03-24 16:00:00,CARR,RCARRUSDT,SELL,58.800585,40.57308695877853,2383.3355271836163,2385.7212484320485,2.3857212484320485,rebalance
2026-03-24 16:00:00,APH,RAPHUSDT,SELL,127.81606000000001,18.908465355136247,2414.388736797676,2416.805542340016,2.416805542340016,rebalance
2026-03-24 16:00:00,SMCI,RSMCIUSDT,BUY,23.8969425,107.24232978220235,-2565.3265521596986,2562.7637883713273,2.5627637883713272,bitget RSMCIUSDT price 33.66; 20d return -28.4%; category leadership 100/100.
2026-03-24 16:00:00,INTC,RINTCUSDT,BUY,47.2986375,54.18261336537078,-2565.3265521596986,2562.7637883713273,2.5627637883713272,bitget RINTCUSDT price 138.54; 20d return 25.5%; category leadership 100/100.
2026-03-24 16:00:00,NOK,RNOKUSDT,BUY,8.419207499999999,247.62911185633948,-2086.925716634991,2084.840875759232,2.084840875759232,bitget RNOKUSDT price 14.05; 20d return -13.3%; category leadership 100/100.
2026-03-25 16:00:00,SMCI,RSMCIUSDT,SELL,22.36881,107.24232978220235,2396.4844155565706,2398.883298855426,2.398883298855426,stop loss
2026-03-25 16:00:00,INTC,RINTCUSDT,SELL,44.98249750000001,54.18261336537078,2434.832000981007,2437.269270251258,2.4372692702512584,rebalance
2026-03-25 16:00:00,SMCI,RSMCIUSDT,BUY,22.391189999999998,110.18359929313992,-2469.609048563218,2467.1419066565613,2.467141906656561,bitget RSMCIUSDT price 33.66; 20d return -28.4%; category leadership 100/100.
2026-03-25 16:00:00,MARA,RMARAUSDT,BUY,8.92446,264.368714740657,-2361.7073679743585,2359.348019954404,2.359348019954404,bitget RMARAUSDT price 14.27; 20d return -3.9%; category leadership 100/100.
2026-03-26 16:00:00,NOK,RNOKUSDT,SELL,7.911042500000001,247.62911185633948,1957.0454237046229,1959.0044281327557,1.9590044281327557,stop loss
2026-03-26 16:00:00,MARA,RMARAUSDT,SELL,7.846075,264.368714740657,2072.182506745292,2074.2567635088008,2.0742567635088007,stop loss
2026-03-26 16:00:00,INTC,RINTCUSDT,BUY,43.826902499999996,52.77760704949897,-2315.3921173800454,2313.079038341704,2.3130790383417037,bitget RINTCUSDT price 138.54; 20d return 25.5%; category leadership 100/100.
2026-03-26 16:00:00,EXC,REXCUSDT,BUY,48.75436499999999,35.11734158327135,-1713.8358130698693,1712.123689380489,1.712123689380489,bitget REXCUSDT price 46.47; 20d return 3.9%; category leadership 100/100.
2026-03-27 16:00:00,GEV,RGEVUSDT,SELL,849.0652550000001,2.8761419227549294,2439.5901428850448,2442.0321750601047,2.442032175060105,rebalance
2026-03-27 16:00:00,NOK,RNOKUSDT,BUY,7.923959999999999,286.3612172272859,-2271.3839456911846,2269.114830860324,2.269114830860324,bitget RNOKUSDT price 14.05; 20d return -13.3%; category leadership 100/100.
2026-03-29 16:00:00,ARM,RARMUSDT,SELL,141.379275,17.935377272755787,2533.1549450380166,2535.6906356736904,2.5356906356736904,rebalance
2026-03-29 16:00:00,SMCI,RSMCIUSDT,SELL,21.719135,110.18359929313992,2390.699375365777,2393.0924678336105,2.3930924678336107,rebalance
2026-03-29 16:00:00,INTC,RINTCUSDT,SELL,41.669155,52.77760704949897,2196.9990903859907,2199.1982886746655,2.1991982886746655,rebalance
2026-03-29 16:00:00,NOK,RNOKUSDT,SELL,8.01599,286.3612172272859,2293.17318502807,2295.4686536817517,2.295468653681752,rebalance
2026-03-29 16:00:00,PANW,RPANWUSDT,BUY,159.05948999999998,14.209321073366786,-2262.387490539149,2260.127363175973,2.260127363175973,bitget RPANWUSDT price 283.70; 20d return -3.7%; category leadership 100/100.
2026-03-29 16:00:00,AMZN,AMZNONUSDT,BUY,204.01195499999997,11.078406474640046,-2262.387490539149,2260.127363175973,2.260127363175973,bitget AMZNONUSDT price 233.57; 20d return -7.9%; category leadership 100/100.
2026-03-29 16:00:00,NOW,RNOWUSDT,BUY,105.41768249999998,21.439736764996457,-2262.387490539149,2260.127363175973,2.260127363175973,bitget RNOWUSDT price 92.93; 20d return -31.7%; category leadership 100/100.
2026-03-29 16:00:00,MARA,RMARAUSDT,BUY,8.16408,276.8379735592955,-2262.387490539149,2260.127363175973,2.260127363175973,bitget RMARAUSDT price 14.27; 20d return -3.9%; category leadership 100/100.
2026-03-30 16:00:00,MARA,RMARAUSDT,SELL,7.67616,276.8379735592955,2122.927526537805,2125.052579116922,2.125052579116922,stop loss
2026-03-30 16:00:00,AMZN,AMZNONUSDT,SELL,205.687105,11.078406474640046,2276.406670426185,2278.685355781967,2.278685355781967,rebalance
2026-03-30 16:00:00,CARR,RCARRUSDT,BUY,55.54776,40.03575874676183,-2226.1206150013095,2223.8967182830265,2.2238967182830267,bitget RCARRUSDT price 74.25; 20d return 16.7%; category leadership 100/100.
2026-03-30 16:00:00,NVDA,NVDAONUSDT,BUY,170.115015,13.072900815269167,-2226.1206150013095,2223.8967182830265,2.2238967182830267,bitget NVDAONUSDT price 200.57; 20d return -4.3%; category leadership 100/100.
2026-03-31 16:00:00,EXC,REXCUSDT,SELL,48.465755,35.11734158327135,1700.2864849527152,1701.9884734261414,1.7019884734261415,rebalance
2026-03-31 16:00:00,NOW,RNOWUSDT,SELL,104.55769500000001,21.439736764996457,2239.4477680972313,2241.6894575547863,2.241689457554786,rebalance
2026-03-31 16:00:00,CARR,RCARRUSDT,SELL,57.311330000000005,40.03575874676183,2292.208078754718,2294.502581336054,2.294502581336054,rebalance
2026-03-31 16:00:00,NVDA,NVDAONUSDT,SELL,177.05142999999998,13.072900815269167,2312.26120780798,2314.5757835915715,2.3145757835915717,rebalance
2026-03-31 16:00:00,SNDK,RSNDKUSDT,BUY,706.963305,3.1941680312745766,-2260.417747703333,2258.159588115218,2.258159588115218,bitget RSNDKUSDT price 2145.42; 20d return 18.9%; category leadership 100/100.
2026-03-31 16:00:00,AMZN,AMZNONUSDT,BUY,212.96643,10.603359356285486,-2260.417747703333,2258.159588115218,2.258159588115218,bitget AMZNONUSDT price 233.57; 20d return -7.9%; category leadership 100/100.
2026-03-31 16:00:00,INTC,RINTCUSDT,BUY,48.554265,46.50795533853139,-2260.417747703333,2258.159588115218,2.258159588115218,bitget RINTCUSDT price 138.54; 20d return 25.5%; category leadership 100/100.
2026-03-31 16:00:00,NOK,RNOKUSDT,BUY,8.394195,266.9089303632361,-2242.726094319135,2240.4856087104245,2.2404856087104243,bitget RNOKUSDT price 14.05; 20d return -13.3%; category leadership 100/100.
2026-04-01 16:00:00,AMZN,AMZNONUSDT,SELL,210.27481,10.603359356285486,2227.389754630648,2229.619374004653,2.229619374004653,rebalance
2026-04-01 16:00:00,PLUG,RPLUGUSDT,BUY,2.3611799999999996,942.3951541350542,-2227.3897546306475,2225.164590040607,2.225164590040607,bitget RPLUGUSDT price 2.61; 20d return -32.6%; category leadership 100/100.
2026-04-03 16:00:00,PANW,RPANWUSDT,SELL,162.99846000000002,14.209321073366786,2313.781355151729,2316.0974526043333,2.316097452604333,rebalance
2026-04-03 16:00:00,GEV,RGEVUSDT,BUY,901.9807649999999,2.550241751398496,-2302.569274867217,2300.2690058613553,2.3002690058613555,bitget RGEVUSDT price 1078.04; 20d return 13.0%; category leadership 100/100.
2026-04-04 16:00:00,GEV,RGEVUSDT,SELL,901.079235,2.550241751398496,2295.671916528802,2297.969886415217,2.297969886415217,rebalance
2026-04-04 16:00:00,MARA,RMARAUSDT,BUY,8.614304999999998,266.8689943399087,-2301.189803199534,2298.8909122872465,2.2988909122872463,bitget RMARAUSDT price 14.27; 20d return -3.9%; category leadership 100/100.
2026-04-07 16:00:00,NOK,RNOKUSDT,SELL,9.5102425,266.9089303632361,2535.8302845168187,2538.3686531699886,2.5383686531699885,rebalance
2026-04-07 16:00:00,LRCX,RLRCXUSDT,BUY,245.872875,10.326415602526149,-2541.524478130599,2538.985492637961,2.5389854926379614,bitget RLRCXUSDT price 400.00; 20d return 26.6%; category leadership 100/100.
2026-04-09 16:00:00,MARA,RMARAUSDT,SELL,9.445275,266.8689943399087,2518.1303894733674,2520.651040513881,2.520651040513881,rebalance
2026-04-09 16:00:00,AMZN,AMZNONUSDT,BUY,238.389135,10.55255632643941,-2518.1303894733674,2515.6147746986685,2.5156147746986686,bitget AMZNONUSDT price 233.57; 20d return -7.9%; category leadership 100/100.
2026-04-10 16:00:00,PLUG,RPLUGUSDT,SELL,2.768615,942.3951541350542,2606.5202303059577,2609.1293596656233,2.6091293596656233,rebalance
2026-04-10 16:00:00,AMZN,AMZNONUSDT,SELL,237.431225,10.55255632643941,2503.000869092541,2505.506375468009,2.505506375468009,rebalance
2026-04-10 16:00:00,SMCI,RSMCIUSDT,BUY,25.312649999999998,106.3451158325393,-2694.5685729748043,2691.8766962785257,2.6918766962785257,bitget RSMCIUSDT price 33.66; 20d return -28.4%; category leadership 100/100.
2026-04-10 16:00:00,CARR,RCARRUSDT,BUY,63.37167,38.06969244202113,-2414.9525264236945,2412.539986437257,2.412539986437257,bitget RCARRUSDT price 74.25; 20d return 16.7%; category leadership 100/100.
2026-04-12 16:00:00,LRCX,RLRCXUSDT,SELL,261.6341175,10.326415602526149,2699.0408904720543,2701.7426331051597,2.7017426331051597,rebalance
2026-04-12 16:00:00,AMZN,AMZNONUSDT,BUY,238.119,11.32351700589255,-2699.040890472054,2696.344545926128,2.696344545926128,bitget AMZNONUSDT price 233.57; 20d return -7.9%; category leadership 100/100.
2026-04-13 16:00:00,INTC,RINTCUSDT,SELL,62.523722500000005,46.50795533853139,2904.9426431351017,2907.8504936287304,2.9078504936287306,rebalance
2026-04-13 16:00:00,CARR,RCARRUSDT,SELL,64.577695,38.06969244202113,2455.9945342773813,2458.452987264646,2.458452987264646,rebalance
2026-04-13 16:00:00,AMZN,AMZNONUSDT,SELL,247.965955,11.32351700589255,2805.0388616165615,2807.8467083248865,2.807846708324887,rebalance
2026-04-13 16:00:00,MARA,RMARAUSDT,BUY,10.6603275,263.22050273079054,-2808.8227805886963,2806.0167638248713,2.8060167638248714,bitget RMARAUSDT price 14.27; 20d return -3.9%; category leadership 100/100.
2026-04-13 16:00:00,APH,RAPHUSDT,BUY,148.284105,18.923247126351615,-2808.8227805886963,2806.0167638248713,2.8060167638248714,bitget RAPHUSDT price 165.42; 20d return 13.4%; category leadership 100/100.
2026-04-13 16:00:00,NOK,RNOKUSDT,BUY,10.3101525,246.92017825715908,-2548.3304778516526,2545.784693158494,2.545784693158494,bitget RNOKUSDT price 14.05; 20d return -13.3%; category leadership 100/100.
2026-04-14 16:00:00,SNDK,RSNDKUSDT,SELL,884.09773,3.1941680312745766,2821.1327489827336,2823.956705688422,2.8239567056884223,rebalance
2026-04-14 16:00:00,APH,RAPHUSDT,SELL,145.377275,18.923247126351615,2748.259091279198,2751.0101013805784,2.7510101013805786,rebalance
2026-04-14 16:00:00,NOK,RNOKUSDT,SELL,10.019987500000001,246.92017825715908,2471.6629625348714,2474.137099634506,2.474137099634506,rebalance
2026-04-14 16:00:00,NOW,RNOWUSDT,BUY,93.46670999999999,29.145454712386694,-2726.8538931842013,2724.1297634207804,2.7241297634207804,bitget RNOWUSDT price 92.93; 20d return -31.7%; category leadership 100/100.
2026-04-14 16:00:00,PLTR,RPLTRUSDT,BUY,140.340135,19.4109102390473,-2726.8538931842013,2724.1297634207804,2.7241297634207804,bitget RPLTRUSDT price 113.32; 20d return -29.4%; category leadership 100/100.
2026-04-14 16:00:00,SMR,RSMRUSDT,BUY,11.815904999999999,218.75279584375687,-2587.3470164284,2584.7622541742257,2.5847622541742257,bitget RSMRUSDT price 10.47; 20d return -20.5%; category leadership 100/100.
2026-04-18 16:00:00,SMCI,RSMCIUSDT,SELL,28.575705000000003,106.3451158325393,3035.847771563251,3038.8866582214728,3.0388866582214726,rebalance
2026-04-18 16:00:00,INTC,RINTCUSDT,BUY,68.264115,42.57464044612998,-2909.226471649767,2906.320151498269,2.906320151498269,bitget RINTCUSDT price 138.54; 20d return 25.5%; category leadership 100/100.
2026-04-19 16:00:00,PLTR,RPLTRUSDT,SELL,144.23784500000002,19.4109102390473,2796.988074506249,2799.787862368618,2.799787862368618,rebalance
2026-04-19 16:00:00,INTC,RINTCUSDT,SELL,65.84706,42.57464044612998,2800.6114890308127,2803.4149039347476,2.8034149039347476,rebalance
2026-04-19 16:00:00,NOK,RNOKUSDT,BUY,10.5902925,271.6395257295098,-2879.6187740688215,2876.7420320367846,2.8767420320367845,bitget RNOKUSDT price 14.05; 20d return -13.3%; category leadership 100/100.
2026-04-19 16:00:00,ARM,RARMUSDT,BUY,171.66579000000002,16.554028202431432,-2844.602089381725,2841.760329052672,2.841760329052672,bitget RARMUSDT price 380.48; 20d return -8.6%; category leadership 100/100.
2026-04-20 16:00:00,MARA,RMARAUSDT,SELL,11.2193875,263.22050273079054,2950.2196452634657,2953.172818081547,2.9531728180815473,rebalance
2026-04-20 16:00:00,SMR,RSMRUSDT,SELL,12.063965000000001,218.75279584375687,2636.3870466385174,2639.0260727112286,2.6390260727112285,rebalance
2026-04-20 16:00:00,NOK,RNOKUSDT,SELL,10.439777500000002,271.6395257295098,2833.020352612786,2835.8562088216077,2.8358562088216077,rebalance
2026-04-20 16:00:00,PANW,RPANWUSDT,BUY,175.80785999999998,16.26246933609855,-2861.9290022274017,2859.069932295107,2.8590699322951068,bitget RPANWUSDT price 283.70; 20d return -3.7%; category leadership 100/100.
2026-04-20 16:00:00,SMCI,RSMCIUSDT,BUY,29.4297075,97.14911139688041,-2861.9290022274017,2859.069932295107,2.8590699322951068,bitget RSMCIUSDT price 33.66; 20d return -28.4%; category leadership 100/100.
2026-04-20 16:00:00,PLUG,RPLUGUSDT,BUY,3.1065525,866.9018032355386,-2695.7690400599663,2693.0759640958704,2.6930759640958706,bitget RPLUGUSDT price 2.61; 20d return -32.6%; category leadership 100/100.
2026-04-21 16:00:00,SMCI,RSMCIUSDT,SELL,29.075455,97.14911139688041,2821.8299620932735,2824.6546167099837,2.8246546167099837,rebalance
2026-04-21 16:00:00,GEV,RGEVUSDT,BUY,1119.6295349999998,2.517806884347805,-2821.829962093273,2819.010951142131,2.8190109511421313,bitget RGEVUSDT price 1078.04; 20d return 13.0%; category leadership 100/100.
2026-04-22 16:00:00,NOW,RNOWUSDT,SELL,85.287335,29.145454712386694,2483.25242162287,2485.7381597826525,2.4857381597826524,stop loss
2026-04-22 16:00:00,PANW,RPANWUSDT,SELL,172.55367999999999,16.26246933609855,2803.3427809011305,2806.1489298309616,2.806148929830962,rebalance
2026-04-22 16:00:00,SNDK,RSNDKUSDT,BUY,970.4699925,2.9614656067911387,-2876.887518716816,2874.0135052116043,2.8740135052116043,bitget RSNDKUSDT price 2145.42; 20d return 18.9%; category leadership 100/100.
2026-04-22 16:00:00,MARA,RMARAUSDT,BUY,12.0610275,199.59330856544028,-2409.7076838071844,2407.3003834237606,2.4073003834237605,bitget RMARAUSDT price 14.27; 20d return -3.9%; category leadership 100/100.
2026-04-23 16:00:00,MARA,RMARAUSDT,SELL,11.5942,199.59330856544028,2311.8106134312584,2314.124738169428,2.314124738169428,rebalance
2026-04-23 16:00:00,INTC,RINTCUSDT,BUY,81.870915,28.20905461138354,-2311.810613431259,2309.5011123189397,2.30950111231894,bitget RINTCUSDT price 138.54; 20d return 25.5%; category leadership 100/100.
2026-04-25 16:00:00,PLUG,RPLUGUSDT,SELL,3.1483250500000004,866.9018032355386,2726.559374353601,2729.2886630166176,2.7292886630166175,rebalance
2026-04-25 16:00:00,AMZN,AMZNONUSDT,BUY,264.70228499999996,10.290185212472897,-2726.559374353601,2723.835538814786,2.7238355388147864,bitget AMZNONUSDT price 233.57; 20d return -7.9%; category leadership 100/100.
2026-04-26 16:00:00,GEV,RGEVUSDT,SELL,1111.1341550000002,2.517806884347805,2794.8236036680883,2797.6212248929814,2.7976212248929815,rebalance
2026-04-26 16:00:00,AMZN,AMZNONUSDT,SELL,260.679595,10.290185212472897,2679.7588723487615,2682.441313662424,2.682441313662424,rebalance
2026-04-26 16:00:00,NOK,RNOKUSDT,BUY,10.8304125,267.9941081565583,-2905.389225644046,2902.4867389051406,2.9024867389051408,bitget RNOKUSDT price 14.05; 20d return -13.3%; category leadership 100/100.
2026-04-26 16:00:00,NVDA,NVDAONUSDT,BUY,210.655275,12.184013069452234,-2569.1932503728035,2566.6266237490545,2.5666266237490545,bitget NVDAONUSDT price 200.57; 20d return -4.3%; category leadership 100/100.
2026-04-27 16:00:00,ARM,RARMUSDT,SELL,197.64113000000003,16.554028202431432,3268.4850831404374,3271.7568399804177,3.2717568399804176,rebalance
2026-04-27 16:00:00,SNDK,RSNDKUSDT,SELL,999.2551225000001,2.9614656067911387,2956.3004180159223,2959.259677693616,2.959259677693616,rebalance
2026-04-27 16:00:00,PANW,RPANWUSDT,BUY,182.4912,15.358500773079944,-2805.594027516567,2802.7912362802867,2.802791236280287,bitget RPANWUSDT price 283.70; 20d return -3.7%; category leadership 100/100.
2026-04-27 16:00:00,NOW,RNOWUSDT,BUY,91.135545,30.754095301457703,-2805.594027516567,2802.7912362802867,2.802791236280287,bitget RNOWUSDT price 92.93; 20d return -31.7%; category leadership 100/100.
2026-04-28 16:00:00,NVDA,NVDAONUSDT,SELL,210.57466000000002,12.184013069452234,2563.0787651259257,2565.644409535461,2.565644409535461,rebalance
2026-04-28 16:00:00,NOW,RNOWUSDT,SELL,87.786085,30.754095301457703,2697.0818426076344,2699.7816242318663,2.6997816242318664,rebalance
2026-04-28 16:00:00,SNDK,RSNDKUSDT,BUY,1087.593525,2.6683482700891736,-2904.9803792949306,2902.0783009939364,2.9020783009939364,bitget RSNDKUSDT price 2145.42; 20d return 18.9%; category leadership 100/100.
2026-04-28 16:00:00,CARR,RCARRUSDT,BUY,62.111039999999996,46.72403329575445,-2904.9803792949306,2902.0783009939364,2.9020783009939364,bitget RCARRUSDT price 74.25; 20d return 16.7%; category leadership 100/100.
2026-04-29 16:00:00,PANW,RPANWUSDT,SELL,178.740585,15.358500773079944,2742.4422254903584,2745.1874129032617,2.745187412903262,rebalance
2026-04-29 16:00:00,MARA,RMARAUSDT,BUY,12.1110525,231.47749418744652,-2806.239520757282,2803.4360846726095,2.8034360846726094,bitget RMARAUSDT price 14.27; 20d return -3.9%; category leadership 100/100.
2026-04-30 16:00:00,MARA,RMARAUSDT,SELL,11.85407,231.47749418744652,2741.2064691030614,2743.950419522584,2.743950419522584,rebalance
2026-04-30 16:00:00,PANW,RPANWUSDT,BUY,182.35112999999998,15.017554325558384,-2741.206469103061,2738.468001101959,2.738468001101959,bitget RPANWUSDT price 283.70; 20d return -3.7%; category leadership 100/100.
2026-05-01 16:00:00,PANW,RPANWUSDT,SELL,180.879515,15.017554325558384,2713.6515749502596,2716.3679428931528,2.716367942893153,rebalance
2026-05-01 16:00:00,PLUG,RPLUGUSDT,BUY,3.10155,874.0599488371762,-2713.65157495026,2710.940634315944,2.710940634315944,bitget RPLUGUSDT price 2.61; 20d return -32.6%; category leadership 100/100.
2026-05-02 16:00:00,PLUG,RPLUGUSDT,SELL,3.09845,874.0599488371762,2705.5228174260737,2708.2310484745485,2.7082310484745484,rebalance
2026-05-02 16:00:00,ARM,RARMUSDT,BUY,212.3061,12.730769381702387,-2705.5228174260737,2702.819997428645,2.702819997428645,bitget RARMUSDT price 380.48; 20d return -8.6%; category leadership 100/100.
2026-05-03 16:00:00,ARM,RARMUSDT,SELL,200.97946000000002,12.730769381702387,2556.064532563361,2558.62315571908,2.55862315571908,stop loss
2026-05-03 16:00:00,INTC,RINTCUSDT,SELL,97.85105000000001,28.20905461138354,2757.5253276179906,2760.2856132312218,2.760285613231222,rebalance
2026-05-03 16:00:00,CARR,RCARRUSDT,SELL,65.52722,46.72403329575445,3058.6343130491687,3061.696009058227,3.061696009058227,rebalance
2026-05-03 16:00:00,SMCI,RSMCIUSDT,BUY,27.783884999999998,110.04037557359719,-3060.4064894339267,3057.349140293633,3.057349140293633,bitget RSMCIUSDT price 33.66; 20d return -28.4%; category leadership 100/100.
2026-05-03 16:00:00,MARA,RMARAUSDT,BUY,11.705849999999998,261.1813016819482,-3060.4064894339267,3057.349140293633,3.057349140293633,bitget RMARAUSDT price 14.27; 20d return -3.9%; category leadership 100/100.
2026-05-03 16:00:00,SMR,RSMRUSDT,BUY,12.141067499999998,185.25241148114338,-2251.4111943626667,2249.1620323303364,2.2491620323303363,bitget RSMRUSDT price 10.47; 20d return -20.5%; category leadership 100/100.
2026-05-04 16:00:00,SMCI,RSMCIUSDT,SELL,27.7861,110.04037557359719,3054.535286845803,3057.5928797255287,3.057592879725529,rebalance
2026-05-04 16:00:00,MARA,RMARAUSDT,SELL,12.01399,261.1813016819482,3134.691717047315,3137.8295465939086,3.137829546593909,rebalance
2026-05-04 16:00:00,SMR,RSMRUSDT,SELL,11.8890525,185.25241148114338,2200.2731702050655,2202.4756458509164,2.2024756458509165,rebalance
2026-05-04 16:00:00,AMZN,AMZNONUSDT,BUY,276.35811,11.364845320100542,-3143.9079402784364,3140.767173105331,3.1407671731053313,bitget AMZNONUSDT price 233.57; 20d return -7.9%; category leadership 100/100.
2026-05-04 16:00:00,INTC,RINTCUSDT,BUY,108.69431999999999,28.895412134740173,-3143.9079402784364,3140.767173105331,3.1407671731053313,bitget RINTCUSDT price 138.54; 20d return 25.5%; category leadership 100/100.
2026-05-04 16:00:00,LRCX,RLRCXUSDT,BUY,278.6442525,7.535000955501416,-2101.68429354131,2099.5847088324776,2.0995847088324777,bitget RLRCXUSDT price 400.00; 20d return 26.6%; category leadership 100/100.
2026-05-05 16:00:00,NOK,RNOKUSDT,SELL,13.2183875,267.9941081565583,3538.907519360968,3542.4499693302982,3.542449969330298,rebalance
2026-05-05 16:00:00,AMZN,AMZNONUSDT,SELL,273.94295999999997,11.364845320100542,3110.206047563559,3113.3193669304897,3.1133193669304897,rebalance
2026-05-05 16:00:00,SMCI,RSMCIUSDT,BUY,31.95597,98.75309946103827,-3158.9068348677392,3155.7510837839554,3.1557510837839553,bitget RSMCIUSDT price 33.66; 20d return -28.4%; category leadership 100/100.
2026-05-05 16:00:00,ARM,RARMUSDT,BUY,233.526705,13.513448424598614,-3158.9068348677392,3155.7510837839554,3.1557510837839553,bitget RARMUSDT price 380.48; 20d return -8.6%; category leadership 100/100.
2026-05-06 16:00:00,ARM,RARMUSDT,SELL,214.63263000000003,13.513448424598614,2897.526548765217,2900.426975740958,2.9004269757409578,stop loss
2026-05-06 16:00:00,MARA,RMARAUSDT,BUY,12.7213575,244.43645521752103,-3112.67309638768,3109.563532854825,3.1095635328548252,bitget RMARAUSDT price 14.27; 20d return -3.9%; category leadership 100/100.
2026-05-07 16:00:00,MARA,RMARAUSDT,SELL,12.598697500000002,244.43645521752103,3076.501376300587,3079.5809572578446,3.0795809572578445,rebalance
2026-05-07 16:00:00,PANW,RPANWUSDT,BUY,204.06198,15.629884903628623,-3192.6547258671726,3189.465260606566,3.1894652606065663,bitget RPANWUSDT price 283.70; 20d return -3.7%; category leadership 100/100.
2026-05-09 16:00:00,LRCX,RLRCXUSDT,SELL,294.69257999999996,7.535000955501416,2218.288363007298,2220.508871879177,2.220508871879177,rebalance
2026-05-09 16:00:00,NVDA,NVDAONUSDT,BUY,216.62826,10.229839314208501,-2218.2883630072974,2216.072290716581,2.216072290716581,bitget NVDAONUSDT price 200.57; 20d return -4.3%; category leadership 100/100.
2026-05-11 16:00:00,SMCI,RSMCIUSDT,SELL,31.2693575,98.75309946103827,3084.858025308983,3087.945971280263,3.0879459712802633,rebalance
2026-05-11 16:00:00,NVDA,NVDAONUSDT,SELL,217.061415,10.229839314208501,2218.282893367962,2220.503396764727,2.2205033967647267,rebalance
2026-05-11 16:00:00,PLUG,RPLUGUSDT,BUY,3.6118049999999995,872.347411042519,-3153.899489681365,3150.748740940425,3.1507487409404247,bitget RPLUGUSDT price 2.61; 20d return -32.6%; category leadership 100/100.
2026-05-11 16:00:00,NOK,RNOKUSDT,BUY,12.896445,166.4873020945632,-2149.24142899558,2147.0943346609192,2.1470943346609195,bitget RNOKUSDT price 14.05; 20d return -13.3%; category leadership 100/100.
2026-05-12 16:00:00,SNDK,RSNDKUSDT,SELL,1418.600345,2.6683482700891736,3781.5344567521265,3785.319776528655,3.785319776528655,rebalance
2026-05-12 16:00:00,INTC,RINTCUSDT,SELL,119.65514250000001,28.895412134740173,3454.027171921987,3457.484656578565,3.4574846565785653,rebalance
2026-05-12 16:00:00,NVDA,NVDAONUSDT,BUY,227.03345999999996,14.310661450529837,-3252.2479829864096,3248.9989840024073,3.2489989840024074,bitget NVDAONUSDT price 200.57; 20d return -4.3%; category leadership 100/100.
2026-05-12 16:00:00,SMR,RSMRUSDT,BUY,12.1110525,268.267269422076,-3252.2479829864096,3248.9989840024073,3.2489989840024074,bitget RSMRUSDT price 10.47; 20d return -20.5%; category leadership 100/100.
2026-05-13 16:00:00,SMR,RSMRUSDT,SELL,11.864065,268.267269422076,3179.557581474226,3182.7403217960223,3.182740321796022,rebalance
2026-05-13 16:00:00,ARM,RARMUSDT,BUY,221.29059,15.121365190068524,-3349.5620403402413,3346.2158245157257,3.346215824515726,bitget RARMUSDT price 380.48; 20d return -8.6%; category leadership 100/100.
2026-05-14 16:00:00,ARM,RARMUSDT,SELL,212.123885,15.121365190068524,3204.3951278904774,3207.6027306210985,3.207602730621099,rebalance
2026-05-14 16:00:00,NOW,RNOWUSDT,BUY,94.82739,34.086726481589224,-3235.587661198882,3232.355305892989,3.232355305892989,bitget RNOWUSDT price 92.93; 20d return -31.7%; category leadership 100/100.
2026-05-16 16:00:00,NVDA,NVDAONUSDT,SELL,225.357265,14.310661450529837,3221.7865133075047,3225.0115248323373,3.2250115248323374,rebalance
2026-05-16 16:00:00,MARA,RMARAUSDT,BUY,12.366179999999998,263.9610718523788,-3267.454317646969,3264.190127519449,3.2641901275194494,bitget RMARAUSDT price 14.27; 20d return -3.9%; category leadership 100/100.
2026-05-17 16:00:00,PLUG,RPLUGUSDT,SELL,3.3933025000000003,872.347411042519,2957.178512108348,2960.1386507591073,2.960138650759107,stop loss
2026-05-17 16:00:00,NOK,RNOKUSDT,SELL,13.6481725,166.4873020945632,2269.9751706281636,2272.24741804621,2.27224741804621,rebalance
2026-05-17 16:00:00,MARA,RMARAUSDT,SELL,11.91404,263.9610718523788,3141.6979257236226,3144.842768492115,3.144842768492115,rebalance
2026-05-17 16:00:00,AMZN,AMZNONUSDT,BUY,265.9329,12.147606701575285,-3233.6787264875593,3230.44827820935,3.23044827820935,bitget AMZNONUSDT price 233.57; 20d return -7.9%; category leadership 100/100.
2026-05-17 16:00:00,PLTR,RPLTRUSDT,BUY,132.84638999999999,24.31717021598668,-3233.6787264875593,3230.44827820935,3.23044827820935,bitget RPLTRUSDT price 113.32; 20d return -29.4%; category leadership 100/100.
2026-05-17 16:00:00,EXC,REXCUSDT,BUY,43.8969375,54.293348139889375,-2385.6950216724276,2383.311709962465,2.383311709962465,bitget REXCUSDT price 46.47; 20d return 3.9%; category leadership 100/100.
2026-05-18 16:00:00,AMZN,AMZNONUSDT,SELL,255.89199,12.147606701575285,3105.3667773508323,3108.475252603436,3.108475252603436,rebalance
2026-05-18 16:00:00,ARM,RARMUSDT,BUY,215.64776999999998,14.385794542823207,-3105.366777350832,3102.264512837994,3.102264512837994,bitget RARMUSDT price 380.48; 20d return -8.6%; category leadership 100/100.
2026-05-19 16:00:00,PANW,RPANWUSDT,SELL,248.45571000000004,15.629884903628623,3879.450816798382,3883.3341509493316,3.8833341509493318,rebalance
2026-05-19 16:00:00,PLTR,RPLTRUSDT,SELL,135.64214500000003,24.31717021598668,3295.1346952981207,3298.4331284265472,3.2984331284265473,rebalance
2026-05-19 16:00:00,EXC,REXCUSDT,SELL,44.887544999999996,54.293348139889375,2434.6580127221205,2437.0951078299504,2.4370951078299505,rebalance
2026-05-19 16:00:00,SMCI,RSMCIUSDT,BUY,33.346664999999994,100.43817646475435,-3352.627502004828,3349.278223781047,3.349278223781047,bitget RSMCIUSDT price 33.66; 20d return -28.4%; category leadership 100/100.
2026-05-19 16:00:00,MARA,RMARAUSDT,BUY,13.34667,250.94485918817557,-3352.627502004828,3349.278223781047,3.349278223781047,bitget RMARAUSDT price 14.27; 20d return -3.9%; category leadership 100/100.
2026-05-19 16:00:00,INTC,RINTCUSDT,BUY,118.01897999999998,24.581532846459037,-2903.9885208089677,2901.087433375592,2.901087433375592,bitget RINTCUSDT price 138.54; 20d return 25.5%; category leadership 100/100.
2026-05-20 16:00:00,NOW,RNOWUSDT,SELL,99.2853325,34.086726481589224,3380.92766058858,3384.311972561141,3.384311972561141,rebalance
2026-05-20 16:00:00,SNDK,RSNDKUSDT,BUY,1482.6009299999998,2.278124910172626,-3380.92766058858,3377.5501104781015,3.3775501104781016,bitget RSNDKUSDT price 2145.42; 20d return 18.9%; category leadership 100/100.
2026-05-21 16:00:00,SNDK,RSNDKUSDT,SELL,1502.238505,2.278124910172626,3418.8646723017246,3422.2869592609854,3.4222869592609855,rebalance
2026-05-21 16:00:00,NOK,RNOKUSDT,BUY,15.6328125,218.47951052177245,-3418.8646723017246,3415.449223078646,3.415449223078646,bitget RNOKUSDT price 14.05; 20d return -13.3%; category leadership 100/100.
2026-05-22 16:00:00,INTC,RINTCUSDT,SELL,118.130905,24.581532846459037,2900.9348827179924,2903.838721439432,2.903838721439432,rebalance
2026-05-22 16:00:00,SNDK,RSNDKUSDT,BUY,1468.243755,1.9738117979409489,-2900.934882717992,2898.03684587212,2.89803684587212,bitget RSNDKUSDT price 2145.42; 20d return 18.9%; category leadership 100/100.
2026-05-23 16:00:00,SNDK,RSNDKUSDT,SELL,1466.776245,1.9738117979409489,2892.245117063203,2895.1402573205237,2.8951402573205236,rebalance
2026-05-23 16:00:00,SMR,RSMRUSDT,BUY,11.36568,254.21758850345088,-2892.2451170632035,2889.3557613019016,2.8893557613019016,bitget RSMRUSDT price 10.47; 20d return -20.5%; category leadership 100/100.
2026-05-24 16:00:00,SMCI,RSMCIUSDT,SELL,35.252365000000005,100.43817646475435,3537.1425734132604,3540.6832566699304,3.5406832566699307,rebalance
2026-05-24 16:00:00,MARA,RMARAUSDT,SELL,13.753120000000001,250.94485918817557,3447.823487036283,3451.2747617980813,3.4512747617980812,rebalance
2026-05-24 16:00:00,PLUG,RPLUGUSDT,BUY,3.75237525,938.2890893253674,-3524.3335688856773,3520.812756129548,3.5208127561295477,bitget RPLUGUSDT price 2.61; 20d return -32.6%; category leadership 100/100.
2026-05-24 16:00:00,APH,RAPHUSDT,BUY,132.28610999999998,26.134076482010236,-3460.632491563866,3457.1753162476184,3.4571753162476186,bitget RAPHUSDT price 165.42; 20d return 13.4%; category leadership 100/100.
2026-05-25 16:00:00,PLUG,RPLUGUSDT,SELL,3.77811,938.2890893253674,3541.4144318797926,3544.959391271064,3.544959391271064,rebalance
2026-05-25 16:00:00,SMCI,RSMCIUSDT,BUY,36.3431625,97.34641434477443,-3541.4144318797926,3537.876555324468,3.537876555324468,bitget RSMCIUSDT price 33.66; 20d return -28.4%; category leadership 100/100.
2026-05-26 16:00:00,ARM,RARMUSDT,SELL,305.07738500000005,14.385794542823207,4384.391799691504,4388.780580271776,4.388780580271776,rebalance
2026-05-26 16:00:00,NOK,RNOKUSDT,SELL,15.602195,218.47951052177245,3405.35116673858,3408.7599266652455,3.4087599266652457,rebalance
2026-05-26 16:00:00,PLUG,RPLUGUSDT,BUY,4.1420699999999995,873.6966916627318,-3622.5317684910865,3618.9128556354513,3.6189128556354513,bitget RPLUGUSDT price 2.61; 20d return -32.6%; category leadership 100/100.
2026-05-26 16:00:00,CARR,RCARRUSDT,BUY,65.60278499999998,55.16401255884872,-3622.5317684910865,3618.9128556354513,3.6189128556354513,bitget RCARRUSDT price 74.25; 20d return 16.7%; category leadership 100/100.
2026-05-27 16:00:00,SMR,RSMRUSDT,SELL,12.27386,254.21758850345088,3117.110859738137,3120.231090828966,3.120231090828966,rebalance
2026-05-27 16:00:00,CARR,RCARRUSDT,SELL,63.968,55.16401255884872,3525.20282380907,3528.731555364435,3.528731555364435,rebalance
2026-05-27 16:00:00,SNDK,RSNDKUSDT,BUY,1683.32124,2.2343217484560762,-3764.8423374262206,3761.0812561700504,3.7610812561700504,bitget RSNDKUSDT price 2145.42; 20d return 18.9%; category leadership 100/100.
2026-05-27 16:00:00,ARM,RARMUSDT,BUY,342.2010149999999,9.99042052381222,-3422.150775568898,3418.732043525373,3.418732043525373,bitget RARMUSDT price 380.48; 20d return -8.6%; category leadership 100/100.
2026-05-28 16:00:00,APH,RAPHUSDT,SELL,147.19136749999998,26.134076482010236,3842.863745280939,3846.7104557366756,3.846710455736676,rebalance
2026-05-28 16:00:00,PLUG,RPLUGUSDT,SELL,3.9680150000000003,873.6966916627318,3463.374736390127,3466.841577968095,3.4668415779680952,rebalance
2026-05-28 16:00:00,NOW,RNOWUSDT,BUY,123.9169275,30.602750532319458,-3795.991017833031,3792.198819014017,3.792198819014017,bitget RNOWUSDT price 92.93; 20d return -31.7%; category leadership 100/100.
2026-05-28 16:00:00,PLTR,RPLTRUSDT,BUY,156.848385,22.357518842893537,-3510.247463838035,3506.74072311492,3.50674072311492,bitget RPLTRUSDT price 113.32; 20d return -29.4%; category leadership 100/100.
2026-05-30 16:00:00,SNDK,RSNDKUSDT,SELL,1683.167995,2.2343217484560762,3756.9781186761743,3760.738857533708,3.7607388575337084,rebalance
2026-05-30 16:00:00,PANW,RPANWUSDT,BUY,281.950905,13.311625631357318,-3756.9781186761743,3753.224893782392,3.753224893782392,bitget RPANWUSDT price 283.70; 20d return -3.7%; category leadership 100/100.
2026-06-01 16:00:00,PLTR,RPLTRUSDT,SELL,153.4702265,22.357518842893537,3427.782267316092,3431.213480796889,3.431213480796889,rebalance
2026-06-01 16:00:00,SMR,RSMRUSDT,BUY,14.037014999999998,243.9520018612708,-3427.782267316092,3424.3579094066854,3.4243579094066856,bitget RSMRUSDT price 10.47; 20d return -20.5%; category leadership 100/100.
2026-06-02 16:00:00,SMR,RSMRUSDT,SELL,12.3088425,243.9520018612708,2999.7640017016192,3002.766768470089,3.002766768470089,stop loss
2026-06-02 16:00:00,SMCI,RSMCIUSDT,SELL,46.501737500000004,97.34641434477443,4522.250629020508,4526.777406426935,4.526777406426935,rebalance
2026-06-02 16:00:00,NOW,RNOWUSDT,SELL,120.417761,30.602750532319458,3681.4295848439237,3685.1146995434674,3.6851146995434676,rebalance
2026-06-02 16:00:00,PANW,RPANWUSDT,SELL,283.941958,13.311625631357318,3775.9493168846525,3779.729045930583,3.7797290459305835,rebalance
2026-06-02 16:00:00,SNDK,RSNDKUSDT,BUY,1789.2881969999999,2.1186647602327167,-3794.6927507331193,3790.901848884235,3.7909018488842348,bitget RSNDKUSDT price 2145.42; 20d return 18.9%; category leadership 100/100.
2026-06-02 16:00:00,CARR,RCARRUSDT,BUY,68.25411,55.541004767100986,-3794.6927507331193,3790.901848884235,3.7909018488842348,bitget RCARRUSDT price 74.25; 20d return 16.7%; category leadership 100/100.
2026-06-02 16:00:00,NOK,RNOKUSDT,BUY,17.174583,220.72744641801407,-3794.6927507331193,3790.901848884235,3.7909018488842348,bitget RNOKUSDT price 14.05; 20d return -13.3%; category leadership 100/100.
2026-06-02 16:00:00,LRCX,RLRCXUSDT,BUY,339.3205755,10.585044987036603,-3595.315280251345,3591.7235566946506,3.591723556694651,bitget RLRCXUSDT price 400.00; 20d return 26.6%; category leadership 100/100.
2026-06-03 16:00:00,NOK,RNOKUSDT,SELL,16.199896,220.72744641801407,3572.1859146410825,3575.7616763174,3.5757616763174003,stop loss
2026-06-03 16:00:00,NOK,RNOKUSDT,BUY,16.216103999999998,220.06625619469014,-3572.185914641083,3568.617297343739,3.568617297343739,bitget RNOKUSDT price 14.05; 20d return -13.3%; category leadership 100/100.
2026-06-04 16:00:00,SNDK,RSNDKUSDT,SELL,1639.0770515,2.1186647602327167,3469.1821335308764,3472.6547883191956,3.4726547883191956,stop loss
2026-06-04 16:00:00,LRCX,RLRCXUSDT,SELL,318.32076000000006,10.585044987036603,3366.0701253427746,3369.4395649076823,3.3694395649076823,stop loss
2026-06-04 16:00:00,NOK,RNOKUSDT,SELL,15.075458500000002,220.06625619469014,3314.282112800906,3317.5997125134195,3.3175997125134193,stop loss
2026-06-04 16:00:00,NOK,RNOKUSDT,BUY,15.090541499999999,231.01357466106327,-3489.606055421609,3486.1199354861233,3.486119935486123,bitget RNOKUSDT price 14.05; 20d return -13.3%; category leadership 100/100.
2026-06-04 16:00:00,LRCX,RLRCXUSDT,BUY,318.63924,10.940648538723993,-3489.606055421609,3486.1199354861233,3.486119935486123,bitget RLRCXUSDT price 400.00; 20d return 26.6%; category leadership 100/100.
2026-06-04 16:00:00,EXC,REXCUSDT,BUY,45.492734999999996,69.61892059744511,-3170.3222608313376,3167.155105725612,3.167155105725612,bitget REXCUSDT price 46.47; 20d return 3.9%; category leadership 100/100.
2026-06-05 16:00:00,NOK,RNOKUSDT,SELL,14.069961500000002,231.01357466106327,3247.1017493570776,3250.3521014585363,3.250352101458536,stop loss
2026-06-05 16:00:00,LRCX,RLRCXUSDT,SELL,300.84950000000003,10.940648538723993,3288.1971539082933,3291.4886425508444,3.2914886425508443,stop loss
2026-06-05 16:00:00,ARM,RARMUSDT,SELL,335.06238500000006,9.99042052381222,3344.066713733611,3347.4141278614725,3.3474141278614726,rebalance
2026-06-05 16:00:00,GEV,RGEVUSDT,BUY,924.9682529999999,3.6193715314961885,-3351.1515662084093,3347.8037624459635,3.3478037624459636,bitget RGEVUSDT price 1078.04; 20d return 13.0%; category leadership 100/100.
2026-06-05 16:00:00,APH,RAPHUSDT,BUY,137.91892499999997,24.27370835761636,-3351.1515662084093,3347.8037624459635,3.3478037624459636,bitget RAPHUSDT price 165.42; 20d return 13.4%; category leadership 100/100.
2026-06-05 16:00:00,LRCX,RLRCXUSDT,BUY,301.15049999999997,10.539210779946162,-3177.0624845821626,3173.8885959861764,3.1738885959861762,bitget RLRCXUSDT price 400.00; 20d return 26.6%; category leadership 100/100.
2026-06-06 16:00:00,LRCX,RLRCXUSDT,SELL,300.84950000000003,10.539210779946162,3167.5455772478717,3170.716293541413,3.170716293541413,rebalance
2026-06-06 16:00:00,AMZN,AMZNONUSDT,BUY,244.85236499999996,12.92362929004921,-3167.5455772478713,3164.3811960518196,3.1643811960518198,bitget AMZNONUSDT price 233.57; 20d return -7.9%; category leadership 100/100.
2026-06-07 16:00:00,APH,RAPHUSDT,SELL,143.26333250000002,24.27370835761636,3474.054819093777,3477.532351445222,3.4775323514452223,rebalance
2026-06-07 16:00:00,INTC,RINTCUSDT,BUY,111.40267349999999,30.511066281663716,-3402.413369468155,3399.014355113042,3.399014355113042,bitget RINTCUSDT price 138.54; 20d return 25.5%; category leadership 100/100.
2026-06-08 16:00:00,INTC,RINTCUSDT,SELL,103.70812000000001,30.511066281663716,3161.0810779434682,3164.245323266735,3.164245323266735,stop loss
2026-06-08 16:00:00,GEV,RGEVUSDT,SELL,896.0447535000001,3.6193715314961885,3239.8757528926553,3243.11887176442,3.24311887176442,rebalance
2026-06-08 16:00:00,MARA,RMARAUSDT,BUY,12.9414675,256.1297873307541,-3318.0100138413886,3314.695318522866,3.314695318522866,bitget RMARAUSDT price 14.27; 20d return -3.9%; category leadership 100/100.
2026-06-08 16:00:00,APH,RAPHUSDT,BUY,148.59426,21.2083348965873,-3154.588266620357,3151.436829790566,3.1514368297905664,bitget RAPHUSDT price 165.42; 20d return 13.4%; category leadership 100/100.
2026-06-09 16:00:00,EXC,REXCUSDT,SELL,45.577200000000005,69.61892059744511,3169.8624323860217,3173.0354678538756,3.1730354678538757,rebalance
2026-06-09 16:00:00,AMZN,AMZNONUSDT,SELL,239.909985,12.92362929004921,3097.4072014121452,3100.5077091212665,3.1005077091212665,rebalance
2026-06-09 16:00:00,INTC,RINTCUSDT,BUY,107.435691,31.001335125599994,-3333.9805110025486,3330.649861141407,3.3306498611414073,bitget RINTCUSDT price 138.54; 20d return 25.5%; category leadership 100/100.
2026-06-09 16:00:00,LRCX,RLRCXUSDT,BUY,327.3766065,8.951032865054723,-2933.289122795619,2930.3587640315873,2.9303587640315873,bitget RLRCXUSDT price 400.00; 20d return 26.6%; category leadership 100/100.
2026-06-10 16:00:00,CARR,RCARRUSDT,SELL,67.8370645,55.541004767100986,3763.9709840578566,3767.738722780637,3.767738722780637,rebalance
2026-06-10 16:00:00,SNDK,RSNDKUSDT,BUY,1766.7099134999999,1.904168660382904,-3367.4777629237656,3364.113649274491,3.3641136492744907,bitget RSNDKUSDT price 2145.42; 20d return 18.9%; category leadership 100/100.
2026-06-12 16:00:00,MARA,RMARAUSDT,SELL,14.082955,256.1297873307541,3603.4572048694417,3607.06426913858,3.60706426913858,rebalance
2026-06-12 16:00:00,ARM,RARMUSDT,BUY,384.9413745,9.50372923988983,-3662.0369750755103,3658.3785964790313,3.6583785964790314,bitget RARMUSDT price 380.48; 20d return -8.6%; category leadership 100/100.
2026-06-13 16:00:00,APH,RAPHUSDT,SELL,156.42175,21.2083348965873,3314.1274142511443,3317.4448591102546,3.3174448591102546,rebalance
2026-06-13 16:00:00,PANW,RPANWUSDT,BUY,278.7042825,13.090550457208927,-3652.0408651791668,3648.3924727064605,3.6483924727064605,bitget RPANWUSDT price 283.70; 20d return -3.7%; category leadership 100/100.
2026-06-14 16:00:00,PANW,RPANWUSDT,SELL,282.728565,13.090550457208927,3697.371473280947,3701.072545826774,3.701072545826774,rebalance
2026-06-14 16:00:00,MARA,RMARAUSDT,BUY,14.843418,248.84280665581616,-3697.371473280947,3693.6777954854615,3.6936777954854616,bitget RMARAUSDT price 14.27; 20d return -3.9%; category leadership 100/100.
2026-06-15 16:00:00,INTC,RINTCUSDT,SELL,119.66014,31.001335125599994,3705.914477214896,3709.6241013162125,3.7096241013162126,rebalance
2026-06-15 16:00:00,GEV,RGEVUSDT,BUY,999.7446225,3.6778959252386816,-3680.633630045406,3676.956673372034,3.6769566733720342,bitget RGEVUSDT price 1078.04; 20d return 13.0%; category leadership 100/100.
2026-06-16 16:00:00,LRCX,RLRCXUSDT,SELL,388.9064495,8.951032865054723,3477.6332964953385,3481.1144109062448,3.481114410906245,rebalance
2026-06-16 16:00:00,SNDK,RSNDKUSDT,SELL,1990.3373335,1.904168660382904,3786.1480360667356,3789.937974040776,3.789937974040776,rebalance
2026-06-16 16:00:00,MARA,RMARAUSDT,SELL,14.387802500000001,248.84280665581616,3576.720854553859,3580.301155709569,3.5803011557095688,rebalance
2026-06-16 16:00:00,PLUG,RPLUGUSDT,BUY,2.8764374999999998,1296.1114687832624,-3731.9118166212434,3728.183632988255,3.728183632988255,bitget RPLUGUSDT price 2.61; 20d return -32.6%; category leadership 100/100.
2026-06-16 16:00:00,APH,RAPHUSDT,BUY,163.74683249999998,22.76797404913622,-3731.9118166212434,3728.183632988255,3.728183632988255,bitget RAPHUSDT price 165.42; 20d return 13.4%; category leadership 100/100.
2026-06-16 16:00:00,SMR,RSMRUSDT,BUY,10.544269499999999,322.31354103788175,-3401.9594010429373,3398.5608402027347,3.3985608402027347,bitget RSMRUSDT price 10.47; 20d return -20.5%; category leadership 100/100.
2026-06-17 16:00:00,PLUG,RPLUGUSDT,SELL,2.7436275,1296.1114687832624,3552.491021750331,3556.0470688191504,3.5560470688191503,rebalance
2026-06-17 16:00:00,APH,RAPHUSDT,SELL,164.923497,22.76797404913622,3751.2189258890066,3754.9738997887953,3.754973899788795,rebalance
2026-06-17 16:00:00,SNDK,RSNDKUSDT,BUY,2173.1140139999998,1.774497756298106,-3860.042127964993,3856.1859420229703,3.8561859420229703,bitget RSNDKUSDT price 2145.42; 20d return 18.9%; category leadership 100/100.
2026-06-17 16:00:00,LRCX,RLRCXUSDT,BUY,395.97788999999995,8.687928490356528,-3443.667819674345,3440.2275920822626,3.4402275920822625,bitget RLRCXUSDT price 400.00; 20d return 26.6%; category leadership 100/100.
2026-06-18 16:00:00,LRCX,RLRCXUSDT,SELL,389.8219915,8.687928490356528,3383.3588405342502,3386.7455861203707,3.386745586120371,rebalance
2026-06-18 16:00:00,INTC,RINTCUSDT,BUY,133.98695999999998,25.226177694251575,-3383.3588405342502,3379.9788616725778,3.3799788616725777,bitget RINTCUSDT price 138.54; 20d return 25.5%; category leadership 100/100.
2026-06-19 16:00:00,SNDK,RSNDKUSDT,SELL,2174.1223950000003,1.774497756298106,3854.1173365331197,3857.975311844965,3.857975311844965,rebalance
2026-06-19 16:00:00,APH,RAPHUSDT,BUY,164.49720749999997,23.40627617926983,-3854.1173365331197,3850.267069463656,3.850267069463656,bitget RAPHUSDT price 165.42; 20d return 13.4%; category leadership 100/100.
2026-06-20 16:00:00,APH,RAPHUSDT,SELL,164.3327925,23.40627617926983,3842.5723078390765,3846.4187265656424,3.8464187265656427,rebalance
2026-06-20 16:00:00,SNDK,RSNDKUSDT,BUY,2237.8383599999997,1.7153757138495078,-3842.5723078390765,3838.7335742648115,3.8387335742648117,bitget RSNDKUSDT price 2145.42; 20d return 18.9%; category leadership 100/100.
2026-06-21 16:00:00,ARM,RARMUSDT,SELL,406.84647500000005,9.50372923988983,3862.692181863004,3866.5587406036075,3.8665587406036077,rebalance
2026-06-21 16:00:00,SMCI,RSMCIUSDT,BUY,35.1365595,109.07968049807678,-3836.517368745726,3832.684684061664,3.832684684061664,bitget RSMCIUSDT price 33.66; 20d return -28.4%; category leadership 100/100.
2026-06-22 16:00:00,SNDK,RSNDKUSDT,SELL,1987.3398330000002,1.7153757138495078,3405.625450209243,3409.034484693937,3.409034484693937,stop loss
2026-06-22 16:00:00,GEV,RGEVUSDT,SELL,1044.0667055,3.6778959252386816,3836.1287131539884,3839.968681835824,3.839968681835824,rebalance
2026-06-22 16:00:00,SMR,RSMRUSDT,SELL,11.272361000000002,322.31354103788175,3629.6013551775513,3633.2345897673185,3.633234589767319,rebalance
2026-06-22 16:00:00,PANW,RPANWUSDT,BUY,290.65725599999996,12.378374249804708,-3601.4621574824837,3597.8642931892946,3.5978642931892946,bitget RPANWUSDT price 283.70; 20d return -3.7%; category leadership 100/100.
2026-06-22 16:00:00,NOW,RNOWUSDT,BUY,96.76135649999999,37.1828633178504,-3601.4621574824837,3597.8642931892946,3.5978642931892946,bitget RNOWUSDT price 92.93; 20d return -31.7%; category leadership 100/100.
2026-06-22 16:00:00,MARA,RMARAUSDT,BUY,14.8023975,243.05956472181583,-3601.4621574824837,3597.8642931892946,3.5978642931892946,bitget RMARAUSDT price 14.27; 20d return -3.9%; category leadership 100/100.
2026-06-23 16:00:00,SMCI,RSMCIUSDT,SELL,32.913535,109.07968049807678,3586.6076839804055,3590.197881862268,3.590197881862268,stop loss
2026-06-23 16:00:00,INTC,RINTCUSDT,SELL,134.7056135,25.226177694251575,3394.7096348216096,3398.107742564174,3.3981077425641737,rebalance
2026-06-23 16:00:00,PANW,RPANWUSDT,SELL,288.321767,12.378374249804708,3565.385781554702,3568.954736290993,3.5689547362909932,rebalance
2026-06-23 16:00:00,NOW,RNOWUSDT,SELL,94.8955285,37.1828633178504,3524.958978224986,3528.487465690677,3.528487465690677,rebalance
2026-06-23 16:00:00,MARA,RMARAUSDT,SELL,14.277857500000001,243.05956472181583,3466.899459281004,3470.369829110114,3.470369829110114,rebalance
2026-06-23 16:00:00,SMCI,RSMCIUSDT,BUY,32.946464999999996,106.9255308924193,-3526.3410794146644,3522.818261153511,3.522818261153511,bitget RSMCIUSDT price 33.66; 20d return -28.4%; category leadership 100/100.
2026-06-23 16:00:00,CARR,RCARRUSDT,BUY,74.15806049999999,47.50418548437511,-3526.3410794146644,3522.818261153511,3.522818261153511,bitget RCARRUSDT price 74.25; 20d return 16.7%; category leadership 100/100.
2026-06-23 16:00:00,APH,RAPHUSDT,BUY,165.65778749999998,21.265636311564954,-3526.3410794146644,3522.818261153511,3.522818261153511,bitget RAPHUSDT price 165.42; 20d return 13.4%; category leadership 100/100.
2026-06-23 16:00:00,NOK,RNOKUSDT,BUY,13.9719825,252.13445988452327,-3526.3410794146644,3522.818261153511,3.522818261153511,bitget RNOKUSDT price 14.05; 20d return -13.3%; category leadership 100/100.
2026-06-23 16:00:00,EXC,REXCUSDT,BUY,46.64931299999999,75.51704483093907,-3526.341079414662,3522.8182611535085,3.5228182611535086,bitget REXCUSDT price 46.47; 20d return 3.9%; category leadership 100/100.
2026-06-24 16:00:00,APH,RAPHUSDT,SELL,165.33729,21.265636311564954,3512.486675201865,3516.002677879745,3.516002677879745,rebalance
2026-06-24 16:00:00,EXC,REXCUSDT,SELL,46.446765,75.51704483093907,3504.0149123223346,3507.5224347570916,3.5075224347570915,rebalance
2026-06-24 16:00:00,INTC,RINTCUSDT,BUY,138.60926999999998,25.492699396925985,-3537.057978191088,3533.5244537373505,3.5335244537373507,bitget RINTCUSDT price 138.54; 20d return 25.5%; category leadership 100/100.
2026-06-24 16:00:00,LRCX,RLRCXUSDT,BUY,400.2,8.685576316070515,-3479.4436093331115,3475.96764169142,3.47596764169142,bitget RLRCXUSDT price 400.00; 20d return 26.6%; category leadership 100/100.
